id,url,title,price,price_numeric,location,size,room_type,floor,lift,details,last_updated
34023840,https://www.idealista.pt/en/imovel/34023840/,"T1 flat in rua Passos Manuel, Nn, Estefânia, São Jorge de Arroios, Arroios","275,000€295,000 €7%",275000,"rua Passos Manuel, Nn, Estefânia, São Jorge de Arroios, Arroios",150,T1,6,Yes,T150 m²6th floor with lift,2025-03-16 10:03:43
33979881,https://www.idealista.pt/en/imovel/33979881/,"T2 flat in rua Dom João de Castro, Alto de Alcântara, Alcântara","299,000€",299000,"rua Dom João de Castro, Alto de Alcântara, Alcântara",275,T2,Ground floor,No,T275 m²Ground floor without lift,2025-03-16 10:03:43
34026765,https://www.idealista.pt/en/imovel/34026765/,"T1 flat in avenida Afonso III, Alto de São João - Alto do Varejão, Penha de França","290,000€",290000,"avenida Afonso III, Alto de São João - Alto do Varejão, Penha de França",173,T1,Ground floor,No,T173 m²Ground floor without lift,2025-03-16 10:03:43
33928673,https://www.idealista.pt/en/imovel/33928673/,"T1 flat in Estefânia, São Jorge de Arroios, Arroios","267,000€",267000,"Estefânia, São Jorge de Arroios, Arroios",163,T1,Basement,Yes,T163 m²Basement with lift,2025-03-16 10:03:43
33980177,https://www.idealista.pt/en/imovel/33980177/,"Semi-detached house in rua Particular à Rua Arco do Carvalhão, Nn, Bairro Calçada dos Mestres, Campolide","260,000€",260000,"rua Particular à Rua Arco do Carvalhão, Nn, Bairro Calçada dos Mestres, Campolide",2127,T2,,,T2127 m²,2025-03-16 10:03:43
34017222,https://www.idealista.pt/en/imovel/34017222/,"T1 flat in rua Santa Bárbara, Anjos, Arroios","250,000€",250000,"rua Santa Bárbara, Anjos, Arroios",145,T1,2,No,T145 m²2nd floor without lift,2025-03-16 10:03:43
34012969,https://www.idealista.pt/en/imovel/34012969/,"T1 flat in Olivais, Lisboa","218,000€",218000,"Olivais, Lisboa",148,T1,6,Yes,T148 m²6th floor with lift,2025-03-16 10:03:43
33986347,https://www.idealista.pt/en/imovel/33986347/,"T2 flat in rua Emília das Neves, Portas de Benfica - Mercado de Benfica, Benfica","280,000€",280000,"rua Emília das Neves, Portas de Benfica - Mercado de Benfica, Benfica",260,T2,3,No,T260 m²3rd floor without lift,2025-03-16 10:03:43
34025702,https://www.idealista.pt/en/imovel/34025702/,"T2 flat in beco do Forno do Sol, Graça, São Vicente","240,000€",240000,"beco do Forno do Sol, Graça, São Vicente",244,T2,1,No,T244 m²1st floor without lift,2025-03-16 10:03:43
33440538,https://www.idealista.pt/en/imovel/33440538/,"Duplex in Santa Engrácia, São Vicente","285,000€295,000 €3%",285000,"Santa Engrácia, São Vicente",150,T1,3,No,T150 m²3rd floor without lift,2025-03-16 10:03:43
33993523,https://www.idealista.pt/en/imovel/33993523/,"T1 flat in rua Comandante Nunes da Silva, 1, Centro, Ajuda","272,000€",272000,"rua Comandante Nunes da Silva, 1, Centro, Ajuda",142,T1,Ground floor,No,T142 m²Ground floor without lift,2025-03-16 10:03:43
33992484,https://www.idealista.pt/en/imovel/33992484/,"T2 flat in Olivais, Lisboa","265,000€",265000,"Olivais, Lisboa",262,T2,5,No,T262 m²5th floor without lift,2025-03-16 10:03:43
34057561,https://www.idealista.pt/en/imovel/34057561/,"T1 flat in rua Amadeu de Sousa Cardoso, Alto de Santo Amaro, Alcântara","280,000€",280000,"rua Amadeu de Sousa Cardoso, Alto de Santo Amaro, Alcântara",154,T1,Ground floor,No,T154 m²Ground floor without lift,2025-03-16 10:03:43
32486708,https://www.idealista.pt/en/imovel/32486708/,"T2 flat in rua Alviela, Santa Engrácia, São Vicente","198,000€227,590 €13%",198000,"rua Alviela, Santa Engrácia, São Vicente",295,T2,Ground floor,No,T295 m²Ground floor without lift,2025-03-16 10:03:43
33524878,https://www.idealista.pt/en/imovel/33524878/,"T2 flat in praça Faria da Costa, Olivais, Lisboa","250,000€",250000,"praça Faria da Costa, Olivais, Lisboa",262,T2,,No,T262 m²without lift,2025-03-16 10:03:43
33985445,https://www.idealista.pt/en/imovel/33985445/,"T1 flat in travessa Paulo Martins, Calçada da Ajuda - Belém, Ajuda","237,500€",237500,"travessa Paulo Martins, Calçada da Ajuda - Belém, Ajuda",140,T1,Ground floor,No,T140 m²Ground floor without lift,2025-03-16 10:03:43
33984524,https://www.idealista.pt/en/imovel/33984524/,"T1 flat in rua de Ponta Delgada, Estefânia, São Jorge de Arroios, Arroios","215,000€",215000,"rua de Ponta Delgada, Estefânia, São Jorge de Arroios, Arroios",1100,T1,Ground floor,No,T1100 m²Ground floor without lift,2025-03-16 10:03:43
34036434,https://www.idealista.pt/en/imovel/34036434/,"T2 flat in rua Maria Pia, 478, Centro, Campo de Ourique","239,000€",239000,"rua Maria Pia, 478, Centro, Campo de Ourique",245,T2,Ground floor,No,T245 m²Ground floor without lift,2025-03-16 10:03:43
33799532,https://www.idealista.pt/en/imovel/33799532/,"T1 flat in travessa Parreiras, 74, Campo de Santana - Santa Marta, Santo António","235,560€",235560,"travessa Parreiras, 74, Campo de Santana - Santa Marta, Santo António",145,T1,3,No,T145 m²3rd floor without lift,2025-03-16 10:03:43
34032579,https://www.idealista.pt/en/imovel/34032579/,"T1 flat in rua do Figueiredo, Centro, Belém","280,000€",280000,"rua do Figueiredo, Centro, Belém",140,T1,Ground floor,No,T140 m²Ground floor without lift,2025-03-16 10:03:43
34020888,https://www.idealista.pt/en/imovel/34020888/,"T1 flat in Centro, Campolide","285,500€",285500,"Centro, Campolide",150,T1,Ground floor,No,T150 m²Ground floor without lift,2025-03-16 10:03:43
33983484,https://www.idealista.pt/en/imovel/33983484/,"T1 flat in rua Alfredo Roque Gameiro, 1, Entrecampos, Avenidas Novas","290,000€315,000 €8%",290000,"rua Alfredo Roque Gameiro, 1, Entrecampos, Avenidas Novas",152,T1,3,No,T152 m²3rd floor without lift,2025-03-16 10:03:43
33934029,https://www.idealista.pt/en/imovel/33934029/,"T2 flat in rua São Cristóvão, Mouraria - Castelo, Santa Maria Maior","225,000€",225000,"rua São Cristóvão, Mouraria - Castelo, Santa Maria Maior",242,T2,5,No,T242 m²5th floor without lift,2025-03-16 10:03:43
33979648,https://www.idealista.pt/en/imovel/33979648/,"T1 flat in rua de Santa Marinha, 58, Graça, São Vicente","199,000€",199000,"rua de Santa Marinha, 58, Graça, São Vicente",150,T1,Ground floor,No,T150 m²Ground floor without lift,2025-03-16 10:03:43
34062281,https://www.idealista.pt/en/imovel/34062281/,"T1 flat in rua Passos Manuel, Estefânia, São Jorge de Arroios, Arroios","275,000€",275000,"rua Passos Manuel, Estefânia, São Jorge de Arroios, Arroios",150,T1,6,Yes,T150 m²6th floor with lift,2025-03-16 10:03:43
34041352,https://www.idealista.pt/en/imovel/34041352/,"T1 flat in rua Paz à Ajuda, Calçada da Ajuda - Belém, Ajuda","295,000€",295000,"rua Paz à Ajuda, Calçada da Ajuda - Belém, Ajuda",148,T1,2,No,T148 m²2nd floor without lift,2025-03-16 10:03:43
33957087,https://www.idealista.pt/en/imovel/33957087/,"T1 flat in rua Comandante Nunes da Silva, 1, Centro, Ajuda","272,000€",272000,"rua Comandante Nunes da Silva, 1, Centro, Ajuda",142,T1,Ground floor,No,T142 m²Ground floor without lift,2025-03-16 10:03:43
34005065,https://www.idealista.pt/en/imovel/34005065/,"T2 flat in travessa do Oleiro, Nn, Santa Catarina, Misericórdia","288,000€",288000,"travessa do Oleiro, Nn, Santa Catarina, Misericórdia",257,T2,2,No,T257 m²2nd floor without lift,2025-03-16 10:03:43
34037932,https://www.idealista.pt/en/imovel/34037932/,"T2 flat in rua Maria Pia, Nn, Prazeres - Maria Pia, Campo de Ourique","239,000€",239000,"rua Maria Pia, Nn, Prazeres - Maria Pia, Campo de Ourique",245,T2,,,T245 m²,2025-03-16 10:03:43
34020973,https://www.idealista.pt/en/imovel/34020973/,"T1 flat in rua Carlos Ribeiro, Centro, Penha de França","210,000€",210000,"rua Carlos Ribeiro, Centro, Penha de França",140,T1,Basement,No,T140 m²Semi-basement without lift,2025-03-16 10:03:43
34014664,https://www.idealista.pt/en/imovel/34014664/,"T2 flat in travessa do Oleiro, Santa Catarina, Misericórdia","288,000€",288000,"travessa do Oleiro, Santa Catarina, Misericórdia",260,T2,2,No,T260 m²2nd floor without lift,2025-03-16 10:12:31
34005974,https://www.idealista.pt/en/imovel/34005974/,"T1 flat in rua Paio Peres Correia, Alto de São João - Alto do Varejão, Penha de França","299,500€",299500,"rua Paio Peres Correia, Alto de São João - Alto do Varejão, Penha de França",179,T1,Ground floor,No,T179 m²Ground floor without lift,2025-03-16 10:12:31
33985662,https://www.idealista.pt/en/imovel/33985662/,"T2 flat, Calçada dos Mestres, 94, Centro, Campolide","210,000€",210000,,258,T2,Basement,No,T258 m²Semi-basement without lift,2025-03-16 10:12:31
34024577,https://www.idealista.pt/en/imovel/34024577/,"T2 flat in rua Cláudio Nunes, 85, Arneiros, Benfica","299,900€",299900,"rua Cláudio Nunes, 85, Arneiros, Benfica",267,T2,,No,T267 m²without lift,2025-03-16 10:12:31
33928601,https://www.idealista.pt/en/imovel/33928601/,"T1 flat in rua Francisco Sanches, 182, Alameda - Praça do Chile - Almirante Reis, São Jorge de Arroios, Arroios","275,000€",275000,"rua Francisco Sanches, 182, Alameda - Praça do Chile - Almirante Reis, São Jorge de Arroios, Arroios",146,T1,,Yes,T146 m²with lift,2025-03-16 10:12:31
33995907,https://www.idealista.pt/en/imovel/33995907/,"T2 flat in estrada de Chelas, 6, Santa Apolónia - Cruz da Pedra, Penha de França","275,000€289,000 €5%",275000,"estrada de Chelas, 6, Santa Apolónia - Cruz da Pedra, Penha de França",257,T2,1,No,T257 m²1st floor without lift,2025-03-16 10:12:31
34057779,https://www.idealista.pt/en/imovel/34057779/,"T1 flat in Graça, São Vicente","250,000€",250000,"Graça, São Vicente",152,T1,2,No,T152 m²2nd floor without lift,2025-03-16 10:12:31
34058868,https://www.idealista.pt/en/imovel/34058868/,"T2 flat, Escadinhas das Portas do Mar, 5, Alfama, Santa Maria Maior","299,000€",299000,,272,T2,4,No,T272 m²4th floor without lift,2025-03-16 10:12:31
34055036,https://www.idealista.pt/en/imovel/34055036/,"T2 flat in avenida Doutor Augusto de Castro, Marvila, Lisboa","248,000€",248000,"avenida Doutor Augusto de Castro, Marvila, Lisboa",258,T2,4,Yes,T258 m²4th floor with lift,2025-03-16 10:12:31
34062579,https://www.idealista.pt/en/imovel/34062579/,"T1 flat in avenida Almirante Reis, Alameda - Praça do Chile - Almirante Reis, São Jorge de Arroios, Arroios","292,000€",292000,"avenida Almirante Reis, Alameda - Praça do Chile - Almirante Reis, São Jorge de Arroios, Arroios",148,T1,3,Yes,T148 m²3rd floor with lift,2025-03-16 10:12:31
32726243,https://www.idealista.pt/en/imovel/32726243/,"T1 flat in rua Luís Monteiro, 56, Bairro dos Actores - Barão Sabrosa, Penha de França","249,990€",249990,"rua Luís Monteiro, 56, Bairro dos Actores - Barão Sabrosa, Penha de França",189,T1,,No,T189 m²without lift,2025-03-16 10:12:31
34031027,https://www.idealista.pt/en/imovel/34031027/,"T1 flat in rua Mestre António Martins, 15, Centro, Penha de França","225,000€",225000,"rua Mestre António Martins, 15, Centro, Penha de França",159,T1,,No,T159 m²without lift,2025-03-16 10:12:31
33546055,https://www.idealista.pt/en/imovel/33546055/,"T2 flat in rua da Verónica, Nn, Graça, São Vicente","268,000€",268000,"rua da Verónica, Nn, Graça, São Vicente",249,T2,Ground floor,No,T249 m²Ground floor without lift,2025-03-16 10:12:31
34050744,https://www.idealista.pt/en/imovel/34050744/,"T2 flat in rua Afonso Domingues, 24, Santa Engrácia, São Vicente","247,500€",247500,"rua Afonso Domingues, 24, Santa Engrácia, São Vicente",245,T2,Ground floor,No,T245 m²Ground floor without lift,2025-03-16 10:12:31
34062215,https://www.idealista.pt/en/imovel/34062215/,"T1 flat in avenida Almirante Reis, 124, Alameda - Praça do Chile - Almirante Reis, São Jorge de Arroios, Arroios","292,000€",292000,"avenida Almirante Reis, 124, Alameda - Praça do Chile - Almirante Reis, São Jorge de Arroios, Arroios",149,T1,3,Yes,T149 m²3rd floor with lift,2025-03-16 10:12:31
34061219,https://www.idealista.pt/en/imovel/34061219/,"T1 flat in rua Frei Fortunato de São Boaventura, Nn, Beato, Lisboa","230,000€",230000,"rua Frei Fortunato de São Boaventura, Nn, Beato, Lisboa",140,T1,1,No,T140 m²1st floor without lift,2025-03-16 10:12:31
34028209,https://www.idealista.pt/en/imovel/34028209/,"Duplex in São Vicente de Fora, São Vicente","285,000€",285000,"São Vicente de Fora, São Vicente",172,T1,,No,T172 m²without lift,2025-03-16 10:12:31
34009332,https://www.idealista.pt/en/imovel/34009332/,"T2 flat in rua Bela Flor, Bairro Calçada dos Mestres, Campolide","280,000€",280000,"rua Bela Flor, Bairro Calçada dos Mestres, Campolide",267,T2,3,No,T267 m²3rd floor without lift,2025-03-16 10:12:31
34062772,https://www.idealista.pt/en/imovel/34062772/,"T2 flat in Olivais, Lisboa","225,000€",225000,"Olivais, Lisboa",261,T2,,Yes,T261 m²with lift,2025-03-16 10:12:31
34034329,https://www.idealista.pt/en/imovel/34034329/,"T2 flat in rua Carlos Ribeiro, Nn, Centro, Penha de França","190,000€200,000 €5%",190000,"rua Carlos Ribeiro, Nn, Centro, Penha de França",273,T2,,,T273 m²,2025-03-16 10:12:31
34028556,https://www.idealista.pt/en/imovel/34028556/,"Semi-detached house in rua Veríssimo Dias, 13, Bairro Calçada dos Mestres, Campolide","140,000€",140000,"rua Veríssimo Dias, 13, Bairro Calçada dos Mestres, Campolide",141,T1,,,T141 m²,2025-03-16 10:12:31
34011921,https://www.idealista.pt/en/imovel/34011921/,"T2 flat in estrada de Chelas, Santa Apolónia - Cruz da Pedra, Penha de França","275,000€289,000 €5%",275000,"estrada de Chelas, Santa Apolónia - Cruz da Pedra, Penha de França",257,T2,1,No,T257 m²1st floor without lift,2025-03-16 10:12:31
34052184,https://www.idealista.pt/en/imovel/34052184/,"T2 flat, Alto do Varejão, Alto de São João - Alto do Varejão, Penha de França","200,000€",200000,,2116,T2,2,No,T2116 m²2nd floor without lift,2025-03-16 10:12:31
34053976,https://www.idealista.pt/en/imovel/34053976/,"T1 flat in Centro, Penha de França","240,000€",240000,"Centro, Penha de França",160,T1,Ground floor,No,T160 m²Ground floor without lift,2025-03-16 10:12:31
33993799,https://www.idealista.pt/en/imovel/33993799/,"T1 flat in rua Norberto de Araújo, Alfama, Santa Maria Maior","255,000€",255000,"rua Norberto de Araújo, Alfama, Santa Maria Maior",148,T1,1,No,T148 m²1st floor without lift,2025-03-16 10:12:31
34050617,https://www.idealista.pt/en/imovel/34050617/,"T1 flat in rua João do Nascimento Costa, 20 b, Beato, Lisboa","150,000€",150000,"rua João do Nascimento Costa, 20 b, Beato, Lisboa",140,T1,,No,T140 m²without lift,2025-03-16 10:12:31
34013996,https://www.idealista.pt/en/imovel/34013996/,"T2 flat in estrada do Desvio, Nn, Santa Clara, Lisboa","285,000€299,500 €5%",285000,"estrada do Desvio, Nn, Santa Clara, Lisboa",292,T2,,,T292 m²,2025-03-16 10:12:31
33788189,https://www.idealista.pt/en/imovel/33788189/,"T1 flat in rua General Taborda, 28, Centro, Campolide","245,000€",245000,"rua General Taborda, 28, Centro, Campolide",168,T1,Basement,No,T168 m²Basement without lift,2025-03-16 10:12:31
33992805,https://www.idealista.pt/en/imovel/33992805/,"T1 flat in rua Prior Coutinho, Nn, Campo de Santana - Santa Marta, Santo António","285,000€",285000,"rua Prior Coutinho, Nn, Campo de Santana - Santa Marta, Santo António",142,T1,,,T142 m²,2025-03-16 10:12:31
34026676,https://www.idealista.pt/en/imovel/34026676/,"T2 flat in rua de São Lázaro, Pena, Arroios","215,000€",215000,"rua de São Lázaro, Pena, Arroios",250,T2,4,No,T250 m²4th floor without lift,2025-03-16 10:12:31
34017690,https://www.idealista.pt/en/imovel/34017690/,"T2 flat in Alfama, Santa Maria Maior","239,000€",239000,"Alfama, Santa Maria Maior",250,T2,,No,T250 m²without lift,2025-03-16 10:12:43
34051152,https://www.idealista.pt/en/imovel/34051152/,"T2 flat in Anjos, Arroios","269,000€",269000,"Anjos, Arroios",270,T2,Basement,No,T270 m²Basement without lift,2025-03-16 10:12:43
34026852,https://www.idealista.pt/en/imovel/34026852/,"T2 flat in rua Doutor João de Barros, Arneiros, Benfica","295,000€",295000,"rua Doutor João de Barros, Arneiros, Benfica",285,T2,Basement,No,T285 m²Basement without lift,2025-03-16 10:12:43
33969959,https://www.idealista.pt/en/imovel/33969959/,"T1 flat in Baixa, Santa Maria Maior","210,000€",210000,"Baixa, Santa Maria Maior",154,T1,Ground floor,No,T154 m²Ground floor without lift,2025-03-16 10:12:43
34030552,https://www.idealista.pt/en/imovel/34030552/,"T1 flat in estrada Loureiro, 13, Prazeres, Estrela","225,000€",225000,"estrada Loureiro, 13, Prazeres, Estrela",147,T1,Ground floor,No,T147 m²Ground floor without lift,2025-03-16 10:12:43
33990050,https://www.idealista.pt/en/imovel/33990050/,"T2 flat in rua Professor Veiga Beirão, Nn, São João de Brito, Alvalade","290,000€",290000,"rua Professor Veiga Beirão, Nn, São João de Brito, Alvalade",276,T2,4,No,T276 m²4th floor without lift,2025-03-16 10:12:43
34041889,https://www.idealista.pt/en/imovel/34041889/,"T2 flat in rua Professor Veiga Beirão, Nn, São João de Brito, Alvalade","290,000€",290000,"rua Professor Veiga Beirão, Nn, São João de Brito, Alvalade",276,T2,4,No,T276 m²4th floor without lift,2025-03-16 10:12:43
34005229,https://www.idealista.pt/en/imovel/34005229/,"T2 flat in rua Professor Veiga Beirão, Nn, São João de Brito, Alvalade","290,000€",290000,"rua Professor Veiga Beirão, Nn, São João de Brito, Alvalade",276,T2,4,No,T276 m²4th floor without lift,2025-03-16 10:12:43
34013648,https://www.idealista.pt/en/imovel/34013648/,"T1 flat in rua do Olival, Lapa, Estrela","230,000€",230000,"rua do Olival, Lapa, Estrela",150,T1,2,No,T150 m²2nd floor without lift,2025-03-16 10:12:43
34037683,https://www.idealista.pt/en/imovel/34037683/,"Semi-detached house in rua 3, Alvito - Quinta do Jacinto, Alcântara","250,000€",250000,"rua 3, Alvito - Quinta do Jacinto, Alcântara",245,T2,,,T245 m²,2025-03-16 10:12:43
34002042,https://www.idealista.pt/en/imovel/34002042/,"T1 flat in Pena, Arroios","299,000€",299000,"Pena, Arroios",147,T1,,No,T147 m²without lift,2025-03-16 10:12:43
34058782,https://www.idealista.pt/en/imovel/34058782/,"T2 flat in Santa Catarina, Misericórdia","298,000€",298000,"Santa Catarina, Misericórdia",241,T2,2,No,T241 m²2nd floor without lift,2025-03-16 10:12:43
34020448,https://www.idealista.pt/en/imovel/34020448/,"T1 flat in rua 1º de Maio, 63, Largo do Calvário - Lx Factory, Alcântara","300,000€",300000,"rua 1º de Maio, 63, Largo do Calvário - Lx Factory, Alcântara",154,T1,Ground floor,No,T154 m²Ground floor without lift,2025-03-16 10:12:43
34049858,https://www.idealista.pt/en/imovel/34049858/,"T1 flat in rua Mestre António Martins, Centro, Penha de França","225,000€",225000,"rua Mestre António Martins, Centro, Penha de França",144,T1,Basement,No,T144 m²Basement without lift,2025-03-16 10:12:43
33984272,https://www.idealista.pt/en/imovel/33984272/,"T2 flat in rua Doutor José Saraiva, Olivais, Lisboa","265,000€",265000,"rua Doutor José Saraiva, Olivais, Lisboa",262,T2,5,Yes,T262 m²5th floor with lift,2025-03-16 10:12:43
34032986,https://www.idealista.pt/en/imovel/34032986/,"T1 flat, Calçada de Santa Apolónia, 22, Santa Engrácia, São Vicente","285,000€",285000,,170,T1,3,No,T170 m²3rd floor without lift,2025-03-16 10:12:43
33985351,https://www.idealista.pt/en/imovel/33985351/,"T2 flat in rua Barata Feyo, Santa Clara, Lisboa","260,000€Parking included",260000,"rua Barata Feyo, Santa Clara, Lisboa",292,T2,1,No,T292 m²1st floor without lift,2025-03-16 10:12:43
34060865,https://www.idealista.pt/en/imovel/34060865/,"T2 flat in rua do Terreirinho, Mouraria - Castelo, Santa Maria Maior","199,500€",199500,"rua do Terreirinho, Mouraria - Castelo, Santa Maria Maior",244,T2,1,No,T244 m²1st floor without lift,2025-03-16 10:12:43
34057686,https://www.idealista.pt/en/imovel/34057686/,"T2 flat in beco das Farinhas, 5, Mouraria - Castelo, Santa Maria Maior","280,000€",280000,"beco das Farinhas, 5, Mouraria - Castelo, Santa Maria Maior",240,T2,1,No,T240 m²1st floor without lift,2025-03-16 10:12:43
33995413,https://www.idealista.pt/en/imovel/33995413/,"Semi-detached house in rua Cotovelo, Bairro da Serafina, Campolide","165,000€",165000,"rua Cotovelo, Bairro da Serafina, Campolide",2105,T2,,,T2105 m²,2025-03-16 10:12:43
34022548,https://www.idealista.pt/en/imovel/34022548/,"T2 flat in rua da Graça, Graça, São Vicente","299,000€",299000,"rua da Graça, Graça, São Vicente",279,T2,1,No,T279 m²1st floor without lift,2025-03-16 10:12:43
33988425,https://www.idealista.pt/en/imovel/33988425/,"T1 flat in Centro, Penha de França","240,000€",240000,"Centro, Penha de França",160,T1,Ground floor,No,T160 m²Ground floor without lift,2025-03-16 10:12:43
34037837,https://www.idealista.pt/en/imovel/34037837/,"T1 flat in Centro, Penha de França","240,000€",240000,"Centro, Penha de França",160,T1,Ground floor,No,T160 m²Ground floor without lift,2025-03-16 10:12:43
33984467,https://www.idealista.pt/en/imovel/33984467/,"T2 flat in Alto dos Moinhos, São Domingos de Benfica","245,000€",245000,"Alto dos Moinhos, São Domingos de Benfica",267,T2,,,T267 m²,2025-03-16 10:12:43
34020124,https://www.idealista.pt/en/imovel/34020124/,"T2 flat in rua Abel Botelho, Estrada de Benfica, São Domingos de Benfica","245,000€",245000,"rua Abel Botelho, Estrada de Benfica, São Domingos de Benfica",270,T2,Ground floor,No,T270 m²Ground floor without lift,2025-03-16 10:12:43
34052765,https://www.idealista.pt/en/imovel/34052765/,"T2 flat in Santa Engrácia, São Vicente","247,500€",247500,"Santa Engrácia, São Vicente",240,T2,,,T240 m²,2025-03-16 10:12:43
34061637,https://www.idealista.pt/en/imovel/34061637/,"T2 flat in Campo de Santana - Santa Marta, Santo António","300,000€",300000,"Campo de Santana - Santa Marta, Santo António",250,T2,2,No,T250 m²2nd floor without lift,2025-03-16 10:12:43
33982707,https://www.idealista.pt/en/imovel/33982707/,"T2 flat in Marvila, Lisboa","300,000€Parking included",300000,"Marvila, Lisboa",277,T2,,Yes,T277 m²with lift,2025-03-16 10:12:43
33989995,https://www.idealista.pt/en/imovel/33989995/,"T2 flat in Alto de Alcântara, Alcântara","239,000€",239000,"Alto de Alcântara, Alcântara",240,T2,,No,T240 m²without lift,2025-03-16 10:12:43
33985055,https://www.idealista.pt/en/imovel/33985055/,"T2 flat in Alto de São João - Alto do Varejão, Penha de França","255,000€",255000,"Alto de São João - Alto do Varejão, Penha de França",277,T2,6,Yes,T277 m²6th floor with lift,2025-03-16 10:12:43
34033913,https://www.idealista.pt/en/imovel/34033913/,"T1 flat in rua Carlos Pereira, Estrada de Benfica, São Domingos de Benfica","285,000€",285000,"rua Carlos Pereira, Estrada de Benfica, São Domingos de Benfica",143,T1,3,No,T143 m²3rd floor without lift,2025-03-16 10:12:57
34034170,https://www.idealista.pt/en/imovel/34034170/,"T1 flat in Bairro Novo, Carnide","255,000€Parking included",255000,"Bairro Novo, Carnide",161,T1,,Yes,T161 m²with lift,2025-03-16 10:12:57
34061324,https://www.idealista.pt/en/imovel/34061324/,"T2 flat, Calçada do Carrascal, Beato, Lisboa","245,000€",245000,,258,T2,2,No,T258 m²2nd floor without lift,2025-03-16 10:12:57
34058801,https://www.idealista.pt/en/imovel/34058801/,"T1 flat in Marvila, Lisboa","292,000€Parking included",292000,"Marvila, Lisboa",179,T1,8,Yes,T179 m²8th floor with lift,2025-03-16 10:12:57
34055110,https://www.idealista.pt/en/imovel/34055110/,"T1 flat in rua do Galvão, Centro, Belém","250,000€",250000,"rua do Galvão, Centro, Belém",150,T1,Ground floor,Yes,T150 m²Ground floor with lift,2025-03-16 10:12:57
34044237,https://www.idealista.pt/en/imovel/34044237/,"T2 flat in Beato, Lisboa","245,000€",245000,"Beato, Lisboa",256,T2,2,No,T256 m²2nd floor without lift,2025-03-16 10:12:57
34030538,https://www.idealista.pt/en/imovel/34030538/,"T1 flat in São Vicente de Fora, São Vicente","299,900€",299900,"São Vicente de Fora, São Vicente",140,T1,,No,T140 m²without lift,2025-03-16 10:12:57
34020268,https://www.idealista.pt/en/imovel/34020268/,"T1 flat in Santa Engrácia, São Vicente","259,000€",259000,"Santa Engrácia, São Vicente",152,T1,,No,T152 m²without lift,2025-03-16 10:12:57
33625362,https://www.idealista.pt/en/imovel/33625362/,"T1 flat in São Vicente de Fora, São Vicente","299,900€",299900,"São Vicente de Fora, São Vicente",165,T1,,No,T165 m²without lift,2025-03-16 10:12:57
34053475,https://www.idealista.pt/en/imovel/34053475/,"T2 flat in avenida General Roçadas, Centro, Penha de França","280,000€",280000,"avenida General Roçadas, Centro, Penha de França",265,T2,Ground floor,No,T265 m²Ground floor without lift,2025-03-16 10:12:57
33853736,https://www.idealista.pt/en/imovel/33853736/,"T2 flat in Centro, Penha de França","250,000€",250000,"Centro, Penha de França",255,T2,,No,T255 m²without lift,2025-03-16 10:12:57
34030535,https://www.idealista.pt/en/imovel/34030535/,"T2 flat in Santa Clara, Lisboa","293,000€",293000,"Santa Clara, Lisboa",288,T2,,No,T288 m²without lift,2025-03-16 10:12:57
34042836,https://www.idealista.pt/en/imovel/34042836/,"T1 flat in rua Luís de Camões, 167, Alto de Santo Amaro, Alcântara","299,000€",299000,"rua Luís de Camões, 167, Alto de Santo Amaro, Alcântara",150,T1,2,Yes,T150 m²2nd floor with lift,2025-03-16 10:12:57
34055706,https://www.idealista.pt/en/imovel/34055706/,"T2 flat in rua de Campolide, Nova Campolide, Campolide","300,000€",300000,"rua de Campolide, Nova Campolide, Campolide",250,T2,Basement,No,T250 m²Basement without lift,2025-03-16 10:12:57
34047387,https://www.idealista.pt/en/imovel/34047387/,"T2 flat in avenida Vergílio Ferreira, Marvila, Lisboa","248,000€",248000,"avenida Vergílio Ferreira, Marvila, Lisboa",275,T2,Ground floor,Yes,T275 m²Ground floor with lift,2025-03-16 10:12:57
34048706,https://www.idealista.pt/en/imovel/34048706/,"T2 flat, Calçada de Carriche, 6, Carriche - Hospital das Forças Armadas, Lumiar","260,000€",260000,,268,T2,4,Yes,T268 m²4th floor with lift,2025-03-16 10:12:57
34050563,https://www.idealista.pt/en/imovel/34050563/,"T2 flat in rua Humberto Madeira, Olivais, Lisboa","285,000€",285000,"rua Humberto Madeira, Olivais, Lisboa",263,T2,10,Yes,T263 m²10th floor with lift,2025-03-16 10:12:57
33832574,https://www.idealista.pt/en/imovel/33832574/,"T1 flat in rua Marques da Silva, 45, Alameda - Praça do Chile - Almirante Reis, São Jorge de Arroios, Arroios","229,000€",229000,"rua Marques da Silva, 45, Alameda - Praça do Chile - Almirante Reis, São Jorge de Arroios, Arroios",145,T1,Ground floor,No,T145 m²Ground floor without lift,2025-03-16 10:12:57
34034237,https://www.idealista.pt/en/imovel/34034237/,"T2 flat in Santa Clara, Lisboa","250,000€",250000,"Santa Clara, Lisboa",271,T2,2,,T271 m²2nd floor,2025-03-16 10:12:57
34000565,https://www.idealista.pt/en/imovel/34000565/,"T2 flat in Praça de Espanha - Sete Rios, Campolide","280,000€",280000,"Praça de Espanha - Sete Rios, Campolide",264,T2,,No,T264 m²without lift,2025-03-16 10:12:57
34037766,https://www.idealista.pt/en/imovel/34037766/,"T2 flat in rua 1º Cabo José Martins Silvestre, Olivais, Lisboa","290,000€",290000,"rua 1º Cabo José Martins Silvestre, Olivais, Lisboa",249,T2,2,No,T249 m²2nd floor without lift,2025-03-16 10:12:57
34014617,https://www.idealista.pt/en/imovel/34014617/,"T1 flat, Pátio Galega, 4, Santa Catarina, Misericórdia","215,000€",215000,,140,T1,Ground floor,No,T140 m²Ground floor without lift,2025-03-16 10:12:57
34027843,https://www.idealista.pt/en/imovel/34027843/,"T1 flat in rua do Passadiço, Campo de Santana - Santa Marta, Santo António","300,000€",300000,"rua do Passadiço, Campo de Santana - Santa Marta, Santo António",151,T1,2,No,T151 m²2nd floor without lift,2025-03-16 10:12:57
34002154,https://www.idealista.pt/en/imovel/34002154/,"T2 flat in rua Alferes Carvalho Pereira, 28, Olivais, Lisboa","239,900€",239900,"rua Alferes Carvalho Pereira, 28, Olivais, Lisboa",260,T2,3,No,T260 m²3rd floor without lift,2025-03-16 10:12:57
34028179,https://www.idealista.pt/en/imovel/34028179/,"T2 flat in Beato, Lisboa","220,000€",220000,"Beato, Lisboa",240,T2,,,T240 m²,2025-03-16 10:12:57
34050979,https://www.idealista.pt/en/imovel/34050979/,"T1 flat in estrada A-da-Maia, 60 2°b, Portas de Benfica - Mercado de Benfica, Benfica","280,000€",280000,"estrada A-da-Maia, 60 2°b, Portas de Benfica - Mercado de Benfica, Benfica",165,T1,2,Yes,T165 m²2nd floor with lift,2025-03-16 10:12:57
34047662,https://www.idealista.pt/en/imovel/34047662/,"T2 flat, Escadinhas das Portas do Mar, 5, Alfama, Santa Maria Maior","299,000€",299000,,271,T2,4,No,T271 m²4th floor without lift,2025-03-16 10:12:57
33976954,https://www.idealista.pt/en/imovel/33976954/,"T2 flat in travessa Nova de Dom Vasco, Boa Hora, Ajuda","295,000€310,000 €5%",295000,"travessa Nova de Dom Vasco, Boa Hora, Ajuda",269,T2,Ground floor,No,T269 m²Ground floor without lift,2025-03-16 10:12:57
34053759,https://www.idealista.pt/en/imovel/34053759/,"T2 flat in rua General Justiniano Padrel, 17, Santa Engrácia, São Vicente","289,000€",289000,"rua General Justiniano Padrel, 17, Santa Engrácia, São Vicente",275,T2,2,No,T275 m²2nd floor without lift,2025-03-16 10:12:57
33256934,https://www.idealista.pt/en/imovel/33256934/,"T2 flat in travessa Beirolas, 16, Gare do Oriente - Zona Sul, Parque das Nações","260,000€295,000 €12%",260000,"travessa Beirolas, 16, Gare do Oriente - Zona Sul, Parque das Nações",270,T2,Ground floor,No,T270 m²Ground floor without lift,2025-03-16 10:12:57
34041499,https://www.idealista.pt/en/imovel/34041499/,"T2 flat in rua João do Outeiro, Mouraria - Castelo, Santa Maria Maior","250,000€",250000,"rua João do Outeiro, Mouraria - Castelo, Santa Maria Maior",275,T2,2,No,T275 m²2nd floor without lift,2025-03-16 10:13:12
34003524,https://www.idealista.pt/en/imovel/34003524/,"T1 flat in travessa do Cabral, 39, Bica, Misericórdia","196,300€",196300,"travessa do Cabral, 39, Bica, Misericórdia",140,T1,Basement,No,T140 m²Basement without lift,2025-03-16 10:13:12
34013579,https://www.idealista.pt/en/imovel/34013579/,"T2 flat in rua Garrido, Bairro dos Actores, Areeiro","200,000€",200000,"rua Garrido, Bairro dos Actores, Areeiro",276,T2,1,No,T276 m²1st floor without lift,2025-03-16 10:13:12
34028316,https://www.idealista.pt/en/imovel/34028316/,"T1 flat in travessa do Pasteleiro, 5, Santos-o-Velho - Madragoa, Estrela","250,000€",250000,"travessa do Pasteleiro, 5, Santos-o-Velho - Madragoa, Estrela",150,T1,2,No,T150 m²2nd floor without lift,2025-03-16 10:13:12
34003718,https://www.idealista.pt/en/imovel/34003718/,"T1 flat in rua das Beatas, 9, Graça, São Vicente","170,000€",170000,"rua das Beatas, 9, Graça, São Vicente",151,T1,4,No,T151 m²4th floor without lift,2025-03-16 10:13:12
34003355,https://www.idealista.pt/en/imovel/34003355/,"T2 flat in rua Vasco da Gama Rodrigues, Gare do Oriente - Zona Sul, Parque das Nações","219,000€",219000,"rua Vasco da Gama Rodrigues, Gare do Oriente - Zona Sul, Parque das Nações",271,T2,9,Yes,T271 m²9th floor with lift,2025-03-16 10:13:12
33954045,https://www.idealista.pt/en/imovel/33954045/,"T2 flat in rua André Vidal Negreiros, Marvila, Lisboa","299,000€",299000,"rua André Vidal Negreiros, Marvila, Lisboa",290,T2,6,Yes,T290 m²6th floor with lift,2025-03-16 10:13:12
34003381,https://www.idealista.pt/en/imovel/34003381/,"T2 flat in beco do Mirante, São Vicente de Fora, São Vicente","289,000€",289000,"beco do Mirante, São Vicente de Fora, São Vicente",260,T2,4,No,T260 m²4th floor without lift,2025-03-16 10:13:12
33987737,https://www.idealista.pt/en/imovel/33987737/,"T2 flat in rua Frei Manuel do Cenáculo, Centro, Penha de França","275,000€",275000,"rua Frei Manuel do Cenáculo, Centro, Penha de França",270,T2,Ground floor,No,T270 m²Ground floor without lift,2025-03-16 10:13:12
34002988,https://www.idealista.pt/en/imovel/34002988/,"T2 flat in avenida Afonso III, Alto de São João - Alto do Varejão, Penha de França","288,000€",288000,"avenida Afonso III, Alto de São João - Alto do Varejão, Penha de França",265,T2,1,No,T265 m²1st floor without lift,2025-03-16 10:13:12
34044946,https://www.idealista.pt/en/imovel/34044946/,"T2 flat in rua Fonseca Benevides, Rio Seco - Casalinho, Ajuda","235,000€",235000,"rua Fonseca Benevides, Rio Seco - Casalinho, Ajuda",254,T2,4,No,T254 m²4th floor without lift,2025-03-16 10:13:12
34008276,https://www.idealista.pt/en/imovel/34008276/,"T2 flat in Prazeres, Estrela","275,000€",275000,"Prazeres, Estrela",277,T2,1,No,T277 m²1st floor without lift,2025-03-16 10:13:12
33843371,https://www.idealista.pt/en/imovel/33843371/,"Detached house, Azinhaga do Reguengo, Santa Clara, Lisboa","180,000€",180000,,256,T2,,,T256 m²,2025-03-16 10:13:12
34050773,https://www.idealista.pt/en/imovel/34050773/,"T2 flat in rua Professor Veiga Beirão, São João de Brito, Alvalade","270,000€",270000,"rua Professor Veiga Beirão, São João de Brito, Alvalade",258,T2,5,No,T258 m²5th floor without lift,2025-03-16 10:13:12
33979639,https://www.idealista.pt/en/imovel/33979639/,"T1 flat in rua dos Remédios, Alfama, Santa Maria Maior","265,000€",265000,"rua dos Remédios, Alfama, Santa Maria Maior",160,T1,2,No,T160 m²2nd floor without lift,2025-03-16 10:13:12
33929639,https://www.idealista.pt/en/imovel/33929639/,"T2 flat in rua Fernando Gusmão, Santa Clara, Lisboa","250,000€",250000,"rua Fernando Gusmão, Santa Clara, Lisboa",292,T2,1,Yes,T292 m²1st floor with lift,2025-03-16 10:13:12
34008493,https://www.idealista.pt/en/imovel/34008493/,"T2 flat in rua Actor Augusto de Melo, Beato, Lisboa","269,000€",269000,"rua Actor Augusto de Melo, Beato, Lisboa",266,T2,3,Yes,T266 m²3rd floor with lift,2025-03-16 10:13:12
34044220,https://www.idealista.pt/en/imovel/34044220/,"T1 flat in rua do Passadiço, Campo de Santana - Santa Marta, Santo António","300,000€",300000,"rua do Passadiço, Campo de Santana - Santa Marta, Santo António",150,T1,2,No,T150 m²2nd floor without lift,2025-03-16 10:13:12
33993160,https://www.idealista.pt/en/imovel/33993160/,"T1 flat in rua da Beneficência, Entrecampos, Avenidas Novas","259,000€",259000,"rua da Beneficência, Entrecampos, Avenidas Novas",150,T1,Ground floor,No,T150 m²Ground floor without lift,2025-03-16 10:13:12
33982678,https://www.idealista.pt/en/imovel/33982678/,"T1 flat in rua de Marcos Marreiros, Santa Catarina, Misericórdia","235,000€",235000,"rua de Marcos Marreiros, Santa Catarina, Misericórdia",141,T1,2,No,T141 m²2nd floor without lift,2025-03-16 10:13:12
34033181,https://www.idealista.pt/en/imovel/34033181/,"T1 flat in beco da cardoso, Baixa, Santa Maria Maior","257,000€",257000,"beco da cardoso, Baixa, Santa Maria Maior",140,T1,1,No,T140 m²1st floor without lift,2025-03-16 10:13:12
34046084,https://www.idealista.pt/en/imovel/34046084/,"T2 flat in travessa Flores, São Vicente de Fora, São Vicente","160,000€",160000,"travessa Flores, São Vicente de Fora, São Vicente",250,T2,3,No,T250 m²3rd floor without lift,2025-03-16 10:13:12
33993159,https://www.idealista.pt/en/imovel/33993159/,"T1 flat in rua dos Remédios, Alfama, Santa Maria Maior","265,000€",265000,"rua dos Remédios, Alfama, Santa Maria Maior",160,T1,2,No,T160 m²2nd floor without lift,2025-03-16 10:13:12
34003122,https://www.idealista.pt/en/imovel/34003122/,"T2 flat in rua Bartolomeu de Gusmão, Alfama, Santa Maria Maior","299,000€",299000,"rua Bartolomeu de Gusmão, Alfama, Santa Maria Maior",290,T2,Ground floor,No,T290 m²Ground floor without lift,2025-03-16 10:13:12
33995335,https://www.idealista.pt/en/imovel/33995335/,"T2 flat in rua Jacinto Nunes, 3, Centro, Penha de França","295,000€",295000,"rua Jacinto Nunes, 3, Centro, Penha de França",273,T2,Basement,Yes,T273 m²Basement with lift,2025-03-16 10:13:12
34039074,https://www.idealista.pt/en/imovel/34039074/,"T1 flat in rua do Grilo, 104, Beato, Lisboa","250,000€",250000,"rua do Grilo, 104, Beato, Lisboa",145,T1,4,No,T145 m²4th floor without lift,2025-03-16 10:13:12
34062932,https://www.idealista.pt/en/imovel/34062932/,"T1 flat, Calçada da Picheleira, 77, Beato, Lisboa","275,000€",275000,,146,T1,1,No,T146 m²1st floor without lift,2025-03-16 10:13:12
34046420,https://www.idealista.pt/en/imovel/34046420/,"T1 flat in avenida Conselheiro Barjona de Freitas, 18, Estrada de Benfica, São Domingos de Benfica","270,000€Parking included",270000,"avenida Conselheiro Barjona de Freitas, 18, Estrada de Benfica, São Domingos de Benfica",140,T1,4,Yes,T140 m²4th floor with lift,2025-03-16 10:13:12
34022561,https://www.idealista.pt/en/imovel/34022561/,"T1 flat, Calçada da Picheleira, Beato, Lisboa","205,000€",205000,,141,T1,Ground floor,No,T141 m²Ground floor without lift,2025-03-16 10:13:12
33983218,https://www.idealista.pt/en/imovel/33983218/,"T2 flat in rua André Vidal Negreiros, Marvila, Lisboa","299,000€",299000,"rua André Vidal Negreiros, Marvila, Lisboa",290,T2,6,Yes,T290 m²6th floor with lift,2025-03-16 10:13:12
34019910,https://www.idealista.pt/en/imovel/34019910/,"T1 flat in rua da Esperança, Santos-o-Velho - Madragoa, Estrela","270,000€",270000,"rua da Esperança, Santos-o-Velho - Madragoa, Estrela",155,T1,2,No,T155 m²2nd floor without lift,2025-03-16 10:13:31
33653840,https://www.idealista.pt/en/imovel/33653840/,"T2 flat in rua Sargento Armando Monteiro Ferreira, Olivais, Lisboa","290,000€",290000,"rua Sargento Armando Monteiro Ferreira, Olivais, Lisboa",262,T2,Ground floor,No,T262 m²Ground floor without lift,2025-03-16 10:13:31
34027910,https://www.idealista.pt/en/imovel/34027910/,"T2 flat in rua de Santa Marinha, Graça, São Vicente","275,000€",275000,"rua de Santa Marinha, Graça, São Vicente",2100,T2,1,No,T2100 m²1st floor without lift,2025-03-16 10:13:31
33981492,https://www.idealista.pt/en/imovel/33981492/,"T1 flat in rua da Esperança, Santos-o-Velho - Madragoa, Estrela","270,000€",270000,"rua da Esperança, Santos-o-Velho - Madragoa, Estrela",155,T1,2,No,T155 m²2nd floor without lift,2025-03-16 10:13:31
34036605,https://www.idealista.pt/en/imovel/34036605/,"T1 flat in rua Cesário Verde, Centro, Penha de França","260,000€",260000,"rua Cesário Verde, Centro, Penha de França",155,T1,1,No,T155 m²1st floor without lift,2025-03-16 10:13:31
33988435,https://www.idealista.pt/en/imovel/33988435/,"T1 flat in rua Castelo Branco Saraiva, Centro, Penha de França","135,000€",135000,"rua Castelo Branco Saraiva, Centro, Penha de França",144,T1,Ground floor,No,T144 m²Ground floor without lift,2025-03-16 10:13:31
33979934,https://www.idealista.pt/en/imovel/33979934/,"T1 flat in rua da Esperança, Santos-o-Velho - Madragoa, Estrela","270,000€",270000,"rua da Esperança, Santos-o-Velho - Madragoa, Estrela",155,T1,2,No,T155 m²2nd floor without lift,2025-03-16 10:13:31
34024999,https://www.idealista.pt/en/imovel/34024999/,"T2 flat in rua Raul de Carvalho, Santa Clara, Lisboa","249,900€Parking included",249900,"rua Raul de Carvalho, Santa Clara, Lisboa",292,T2,4,Yes,T292 m²4th floor with lift,2025-03-16 10:13:31
34000907,https://www.idealista.pt/en/imovel/34000907/,"T1 flat in rua Cesário Verde, Centro, Penha de França","265,000€",265000,"rua Cesário Verde, Centro, Penha de França",155,T1,Ground floor,No,T155 m²Ground floor without lift,2025-03-16 10:13:31
33989423,https://www.idealista.pt/en/imovel/33989423/,"T1 flat in rua David Lopes, Alto de São João - Alto do Varejão, Penha de França","250,000€",250000,"rua David Lopes, Alto de São João - Alto do Varejão, Penha de França",176,T1,Ground floor,No,T176 m²Ground floor without lift,2025-03-16 10:13:31
34009842,https://www.idealista.pt/en/imovel/34009842/,"T2 flat, Calçada da Quintinha, 29, Bairro Calçada dos Mestres, Campolide","270,000€",270000,,282,T2,2,No,T282 m²2nd floor without lift,2025-03-16 10:13:31
33995382,https://www.idealista.pt/en/imovel/33995382/,"T1 flat in praça de alegria, 28, Praça da Alegria, Santo António","300,000€",300000,"praça de alegria, 28, Praça da Alegria, Santo António",140,T1,Ground floor,No,T140 m²Ground floor without lift,2025-03-16 10:13:31
33992083,https://www.idealista.pt/en/imovel/33992083/,"T1 flat in Lapa, Estrela","250,000€",250000,"Lapa, Estrela",145,T1,2,No,T145 m²2nd floor without lift,2025-03-16 10:13:31
34041336,https://www.idealista.pt/en/imovel/34041336/,"T1 flat in rua da Bombarda, 53, Anjos, Arroios","280,000€",280000,"rua da Bombarda, 53, Anjos, Arroios",140,T1,1,No,T140 m²1st floor without lift,2025-03-16 10:13:31
34003346,https://www.idealista.pt/en/imovel/34003346/,"T1 flat in rua Vítor Bastos, 48, Centro, Campolide","285,000€",285000,"rua Vítor Bastos, 48, Centro, Campolide",150,T1,1,No,T150 m²1st floor without lift,2025-03-16 10:13:31
34005205,https://www.idealista.pt/en/imovel/34005205/,"T2 flat, Calçada do Cascão, 6, São Vicente de Fora, São Vicente","295,000€",295000,,253,T2,1,No,T253 m²1st floor without lift,2025-03-16 10:13:31
34010079,https://www.idealista.pt/en/imovel/34010079/,"T2 flat in Graça, São Vicente","195,000€",195000,"Graça, São Vicente",252,T2,1,No,T252 m²1st floor without lift,2025-03-16 10:13:31
34009087,https://www.idealista.pt/en/imovel/34009087/,"T2 flat in travessa da Madalena, Nn, Mouraria - Castelo, Santa Maria Maior","210,000€",210000,"travessa da Madalena, Nn, Mouraria - Castelo, Santa Maria Maior",245,T2,1,No,T245 m²1st floor without lift,2025-03-16 10:13:31
33956611,https://www.idealista.pt/en/imovel/33956611/,"T1 flat in rua do Embaixador, 146, Centro, Belém","230,000€",230000,"rua do Embaixador, 146, Centro, Belém",142,T1,2,No,T142 m²2nd floor without lift,2025-03-16 10:13:31
34039073,https://www.idealista.pt/en/imovel/34039073/,"T1 flat, Parada Alto de São João, 14, Alto de São João - Alto do Varejão, Penha de França","250,000€",250000,,158,T1,,No,T158 m²Floor -2 without lift,2025-03-16 10:13:31
34050216,https://www.idealista.pt/en/imovel/34050216/,"T1 flat in beco das Cruzes, 6, Alfama, Santa Maria Maior","260,000€",260000,"beco das Cruzes, 6, Alfama, Santa Maria Maior",158,T1,3,No,T158 m²3rd floor without lift,2025-03-16 10:13:31
33983717,https://www.idealista.pt/en/imovel/33983717/,"T1 flat in Alfama, Santa Maria Maior","289,000€",289000,"Alfama, Santa Maria Maior",141,T1,2,No,T141 m²2nd floor without lift,2025-03-16 10:13:31
34001087,https://www.idealista.pt/en/imovel/34001087/,"T1 flat, Calçada da Picheleira, 54 Rc Esquerdo, Beato, Lisboa","200,000€",200000,,190,T1,Ground floor,No,T190 m²Ground floor without lift,2025-03-16 10:13:31
34048820,https://www.idealista.pt/en/imovel/34048820/,"T1 flat in travessa do Convento da Encarnação, 21, Pena, Arroios","220,000€",220000,"travessa do Convento da Encarnação, 21, Pena, Arroios",150,T1,1,No,T150 m²1st floor without lift,2025-03-16 10:13:31
34008315,https://www.idealista.pt/en/imovel/34008315/,"T1 flat in rua da Penha de França, 161, Centro, Penha de França","270,000€",270000,"rua da Penha de França, 161, Centro, Penha de França",150,T1,Ground floor,No,T150 m²Ground floor without lift,2025-03-16 10:13:31
34012957,https://www.idealista.pt/en/imovel/34012957/,"T1 flat in Centro, Penha de França","240,000€",240000,"Centro, Penha de França",162,T1,Ground floor,No,T162 m²Ground floor without lift,2025-03-16 10:13:31
34038056,https://www.idealista.pt/en/imovel/34038056/,"T2 flat in Boa Hora, Ajuda","270,000€",270000,"Boa Hora, Ajuda",270,T2,Ground floor,No,T270 m²Ground floor without lift,2025-03-16 10:13:31
34047803,https://www.idealista.pt/en/imovel/34047803/,"T1 flat in Boa Hora, Ajuda","230,000€",230000,"Boa Hora, Ajuda",150,T1,,No,T150 m²Floor -1 without lift,2025-03-16 10:13:31
34033580,https://www.idealista.pt/en/imovel/34033580/,"T1 flat in rua Engenheiro Santos Simões, 7 n, Alto de São João - Alto do Varejão, Penha de França","290,000€Parking included",290000,"rua Engenheiro Santos Simões, 7 n, Alto de São João - Alto do Varejão, Penha de França",169,T1,5,Yes,T169 m²5th floor with lift,2025-03-16 10:13:31
34027780,https://www.idealista.pt/en/imovel/34027780/,"T2 flat in travessa Irmãzinhas dos Pobres, 5, Centro, Campolide","300,000€",300000,"travessa Irmãzinhas dos Pobres, 5, Centro, Campolide",257,T2,1,No,T257 m²1st floor without lift,2025-03-16 10:13:51
33704216,https://www.idealista.pt/en/imovel/33704216/,"T2 flat in rua General Justiniano Padrel, Santa Engrácia, São Vicente","270,000€314,000 €14%",270000,"rua General Justiniano Padrel, Santa Engrácia, São Vicente",271,T2,3,No,T271 m²3rd floor without lift,2025-03-16 10:28:33
33170895,https://www.idealista.pt/en/imovel/33170895/,"Terraced house, Vila Graciete, Prazeres - Maria Pia, Campo de Ourique","285,000€",285000,,140,T1,,,T140 m²,2025-03-16 10:28:33
33956353,https://www.idealista.pt/en/imovel/33956353/,"T1 flat in rua do Vale Formoso de Cima, Marvila, Lisboa","208,000€",208000,"rua do Vale Formoso de Cima, Marvila, Lisboa",149,T1,Ground floor,No,T149 m²Ground floor without lift,2025-03-16 10:28:33
33964327,https://www.idealista.pt/en/imovel/33964327/,"T1 flat in rua Marcos Portugal, Príncipe Real - São Bento, Misericórdia","290,000€",290000,"rua Marcos Portugal, Príncipe Real - São Bento, Misericórdia",160,T1,2,No,T160 m²2nd floor without lift,2025-03-16 10:28:33
33789807,https://www.idealista.pt/en/imovel/33789807/,"Terraced house, Calçada da Quintinha, Centro, Campolide","285,000€",285000,,252,T2,,,T252 m²,2025-03-16 10:28:33
33277885,https://www.idealista.pt/en/imovel/33277885/,"T2 flat in rua do Duque, Chiado, Santa Maria Maior","215,000€",215000,"rua do Duque, Chiado, Santa Maria Maior",241,T2,5,No,T241 m²5th floor without lift,2025-03-16 10:28:33
33694400,https://www.idealista.pt/en/imovel/33694400/,"T2 flat, Calçada Cardeal, São Vicente de Fora, São Vicente","289,000€",289000,,247,T2,1,No,T247 m²1st floor without lift,2025-03-16 10:28:33
33934110,https://www.idealista.pt/en/imovel/33934110/,"T1 flat in rua da Silva, 34, Cais do Sodré - Santos, Misericórdia","248,000€",248000,"rua da Silva, 34, Cais do Sodré - Santos, Misericórdia",160,T1,,No,T160 m²without lift,2025-03-16 10:28:33
33922302,https://www.idealista.pt/en/imovel/33922302/,"Duplex in rua João do Outeiro, Mouraria - Castelo, Santa Maria Maior","240,000€",240000,"rua João do Outeiro, Mouraria - Castelo, Santa Maria Maior",240,T2,2,No,T240 m²2nd floor without lift,2025-03-16 10:28:33
33898547,https://www.idealista.pt/en/imovel/33898547/,"T1 flat in rua Aliança Operária, Boa Hora, Ajuda","300,000€",300000,"rua Aliança Operária, Boa Hora, Ajuda",140,T1,1,No,T140 m²1st floor without lift,2025-03-16 10:28:33
33924500,https://www.idealista.pt/en/imovel/33924500/,"T1 flat in rua da Oliveira ao Carmo, 57, Chiado, Santa Maria Maior","290,000€",290000,"rua da Oliveira ao Carmo, 57, Chiado, Santa Maria Maior",173,T1,Ground floor,No,T173 m²Ground floor without lift,2025-03-16 10:28:33
33654320,https://www.idealista.pt/en/imovel/33654320/,"T2 flat in rua Doutor João de Barros, Arneiros, Benfica","295,000€",295000,"rua Doutor João de Barros, Arneiros, Benfica",275,T2,Basement,Yes,T275 m²Basement with lift,2025-03-16 10:28:33
33736516,https://www.idealista.pt/en/imovel/33736516/,"T1 flat in Alfama, Santa Maria Maior","255,000€265,000 €4%",255000,"Alfama, Santa Maria Maior",148,T1,,,T148 m²,2025-03-16 10:28:33
33962583,https://www.idealista.pt/en/imovel/33962583/,"T2 flat in Marvila, Lisboa","260,000€270,000 €4%",260000,"Marvila, Lisboa",266,T2,,Yes,T266 m²with lift,2025-03-16 10:28:33
33851408,https://www.idealista.pt/en/imovel/33851408/,"T2 flat in rua Capitão Roby, Nn, Beato, Lisboa","230,000€",230000,"rua Capitão Roby, Nn, Beato, Lisboa",247,T2,,,T247 m²,2025-03-16 10:28:33
33911212,https://www.idealista.pt/en/imovel/33911212/,"T2 flat in avenida General Roçadas, 169, Centro, Penha de França","280,000€",280000,"avenida General Roçadas, 169, Centro, Penha de França",255,T2,,No,T255 m²without lift,2025-03-16 10:28:33
33846538,https://www.idealista.pt/en/imovel/33846538/,"T2 flat in Anjos, Arroios","250,000€282,000 €11%",250000,"Anjos, Arroios",2100,T2,,No,T2100 m²without lift,2025-03-16 10:28:33
33919754,https://www.idealista.pt/en/imovel/33919754/,"T1 flat in travessa de São Miguel, 10, Alfama, Santa Maria Maior","195,000€",195000,"travessa de São Miguel, 10, Alfama, Santa Maria Maior",142,T1,2,No,T142 m²2nd floor without lift,2025-03-16 10:28:33
33799376,https://www.idealista.pt/en/imovel/33799376/,"T1 flat, Alto do Carvalhão, 21, Centro, Campolide","285,000€",285000,,150,T1,,No,T150 m²without lift,2025-03-16 10:28:33
33972383,https://www.idealista.pt/en/imovel/33972383/,"Duplex in rua de São Bento, Príncipe Real - São Bento, Misericórdia","250,000€",250000,"rua de São Bento, Príncipe Real - São Bento, Misericórdia",146,T1,2,No,T146 m²2nd floor without lift,2025-03-16 10:28:33
33917033,https://www.idealista.pt/en/imovel/33917033/,"T2 flat, Calçada do Monte, Nn, Graça, São Vicente","299,500€",299500,,262,T2,,,T262 m²,2025-03-16 10:28:33
33792891,https://www.idealista.pt/en/imovel/33792891/,"Duplex in Cais do Sodré - Santos, Misericórdia","300,000€",300000,"Cais do Sodré - Santos, Misericórdia",159,T1,4,No,T159 m²4th floor without lift,2025-03-16 10:28:33
33904537,https://www.idealista.pt/en/imovel/33904537/,"T1 flat in Mouraria - Castelo, Santa Maria Maior","290,000€",290000,"Mouraria - Castelo, Santa Maria Maior",157,T1,Ground floor,No,T157 m²Ground floor without lift,2025-03-16 10:28:33
33630455,https://www.idealista.pt/en/imovel/33630455/,"T2 flat in Mouraria - Castelo, Santa Maria Maior","285,000€",285000,"Mouraria - Castelo, Santa Maria Maior",255,T2,2,,T255 m²2nd floor,2025-03-16 10:28:49
33964850,https://www.idealista.pt/en/imovel/33964850/,"T2 flat in rua Doutor João de Barros, Arneiros, Benfica","250,000€",250000,"rua Doutor João de Barros, Arneiros, Benfica",273,T2,5,Yes,T273 m²5th floor with lift,2025-03-16 10:28:49
33086982,https://www.idealista.pt/en/imovel/33086982/,"T1 flat in rua Francisco Mantero, Olivais, Lisboa","250,000€",250000,"rua Francisco Mantero, Olivais, Lisboa",148,T1,8,Yes,T148 m²8th floor with lift,2025-03-16 10:28:49
33364458,https://www.idealista.pt/en/imovel/33364458/,"T1 flat in Mouraria - Castelo, Santa Maria Maior","290,000€",290000,"Mouraria - Castelo, Santa Maria Maior",147,T1,Ground floor,Yes,T147 m²Ground floor with lift,2025-03-16 10:28:49
33955347,https://www.idealista.pt/en/imovel/33955347/,"T2 flat in Largo do Calvário - Lx Factory, Alcântara","269,000€295,000 €9%",269000,"Largo do Calvário - Lx Factory, Alcântara",265,T2,3,No,T265 m²3rd floor without lift,2025-03-16 10:28:49
33755290,https://www.idealista.pt/en/imovel/33755290/,"Terraced house in Santa Engrácia, São Vicente","230,000€",230000,"Santa Engrácia, São Vicente",279,T2,,,T279 m²,2025-03-16 10:28:49
33625352,https://www.idealista.pt/en/imovel/33625352/,"T1 flat in Mouraria - Castelo, Santa Maria Maior","170,000€",170000,"Mouraria - Castelo, Santa Maria Maior",140,T1,Ground floor,No,T140 m²Ground floor without lift,2025-03-16 10:28:49
33096356,https://www.idealista.pt/en/imovel/33096356/,"T1 flat in Lapa, Estrela","298,000€",298000,"Lapa, Estrela",155,T1,,No,T155 m²without lift,2025-03-16 10:28:49
33974797,https://www.idealista.pt/en/imovel/33974797/,"T2 flat in Alto de Santo Amaro, Alcântara","230,000€",230000,"Alto de Santo Amaro, Alcântara",246,T2,3,No,T246 m²3rd floor without lift,2025-03-16 10:28:49
33935870,https://www.idealista.pt/en/imovel/33935870/,"T1 flat in beco do Alegrete, 10, Mouraria - Castelo, Santa Maria Maior","269,000€",269000,"beco do Alegrete, 10, Mouraria - Castelo, Santa Maria Maior",160,T1,,No,T160 m²without lift,2025-03-16 10:28:49
33681153,https://www.idealista.pt/en/imovel/33681153/,"T2 flat in Anjos, Arroios","299,000€",299000,"Anjos, Arroios",275,T2,,No,T275 m²without lift,2025-03-16 10:28:49
33712826,https://www.idealista.pt/en/imovel/33712826/,"T2 flat in rua Aliança Operária, Alto de Alcântara, Alcântara","245,000€260,000 €6%",245000,"rua Aliança Operária, Alto de Alcântara, Alcântara",260,T2,Basement,No,T260 m²Basement without lift,2025-03-16 10:28:49
33932941,https://www.idealista.pt/en/imovel/33932941/,"Detached house in Alvito - Quinta do Jacinto, Alcântara","299,000€",299000,"Alvito - Quinta do Jacinto, Alcântara",260,T2,,,T260 m²,2025-03-16 10:28:49
33749208,https://www.idealista.pt/en/imovel/33749208/,"T2 flat in Alto de São João - Alto do Varejão, Penha de França","300,000€",300000,"Alto de São João - Alto do Varejão, Penha de França",258,T2,3,Yes,T258 m²3rd floor with lift,2025-03-16 10:28:49
33616511,https://www.idealista.pt/en/imovel/33616511/,"T2 flat in rua Castelo Branco Saraiva, 47, Centro, Penha de França","260,000€",260000,"rua Castelo Branco Saraiva, 47, Centro, Penha de França",258,T2,Ground floor,No,T258 m²Ground floor without lift,2025-03-16 10:28:49
32537931,https://www.idealista.pt/en/imovel/32537931/,"T1 flat in rua da Senhora do Monte, 5, Graça, São Vicente","299,000€",299000,"rua da Senhora do Monte, 5, Graça, São Vicente",144,T1,3,No,T144 m²3rd floor without lift,2025-03-16 10:28:49
33907990,https://www.idealista.pt/en/imovel/33907990/,"T2 flat in rua do Passadiço, Campo de Santana - Santa Marta, Santo António","300,000€",300000,"rua do Passadiço, Campo de Santana - Santa Marta, Santo António",250,T2,2,No,T250 m²2nd floor without lift,2025-03-16 10:28:49
33485746,https://www.idealista.pt/en/imovel/33485746/,"T1 flat in Bairro Alto, Misericórdia","299,000€",299000,"Bairro Alto, Misericórdia",150,T1,1,No,T150 m²1st floor without lift,2025-03-16 10:28:49
33815374,https://www.idealista.pt/en/imovel/33815374/,"T1 flat, Calçado do Garcia, 31, Baixa, Santa Maria Maior","290,000€",290000,,147,T1,Ground floor,Yes,T147 m²Ground floor with lift,2025-03-16 10:28:49
33780968,https://www.idealista.pt/en/imovel/33780968/,"T2 flat in rua Heróis de Quionga, Nn, Alameda - Praça do Chile - Almirante Reis, São Jorge de Arroios, Arroios","285,000€",285000,"rua Heróis de Quionga, Nn, Alameda - Praça do Chile - Almirante Reis, São Jorge de Arroios, Arroios",255,T2,3,No,T255 m²3rd floor without lift,2025-03-16 10:29:06
33871132,https://www.idealista.pt/en/imovel/33871132/,"T1 flat in rua de Santo Amaro, 21, Lapa, Estrela","245,000€",245000,"rua de Santo Amaro, 21, Lapa, Estrela",140,T1,,,T140 m²,2025-03-16 10:29:06
33750712,https://www.idealista.pt/en/imovel/33750712/,"T2 flat in rua Lopes, Alto de São João - Alto do Varejão, Penha de França","250,000€",250000,"rua Lopes, Alto de São João - Alto do Varejão, Penha de França",270,T2,1,No,T270 m²1st floor without lift,2025-03-16 10:29:06
33966386,https://www.idealista.pt/en/imovel/33966386/,"T2 flat in Santos-o-Velho - Madragoa, Estrela","270,000€299,000 €10%",270000,"Santos-o-Velho - Madragoa, Estrela",250,T2,2,No,T250 m²2nd floor without lift,2025-03-16 10:29:06
33415512,https://www.idealista.pt/en/imovel/33415512/,"T1 flat in rua da Atalaia, Nn, Bairro Alto, Misericórdia","257,500€265,000 €3%",257500,"rua da Atalaia, Nn, Bairro Alto, Misericórdia",171,T1,,,T171 m²,2025-03-16 10:29:06
33673087,https://www.idealista.pt/en/imovel/33673087/,"T1 flat in rua Maestro António Taborda, Lapa, Estrela","299,000€",299000,"rua Maestro António Taborda, Lapa, Estrela",143,T1,,No,T143 m²Floor -1 without lift,2025-03-16 10:29:06
33772698,https://www.idealista.pt/en/imovel/33772698/,"T2 flat in travessa do Oleiro, 17, Santa Catarina, Misericórdia","288,000€",288000,"travessa do Oleiro, 17, Santa Catarina, Misericórdia",257,T2,2,No,T257 m²2nd floor without lift,2025-03-16 10:29:06
33119789,https://www.idealista.pt/en/imovel/33119789/,"T2 flat in rua da Madalena, Baixa, Santa Maria Maior","290,000€",290000,"rua da Madalena, Baixa, Santa Maria Maior",266,T2,4,No,T266 m²4th floor without lift,2025-03-16 10:29:06
33164642,https://www.idealista.pt/en/imovel/33164642/,"T2 flat in estrada dos Prazeres, Prazeres - Maria Pia, Campo de Ourique","275,000€",275000,"estrada dos Prazeres, Prazeres - Maria Pia, Campo de Ourique",265,T2,Ground floor,No,T265 m²Ground floor without lift,2025-03-16 10:29:06
33791667,https://www.idealista.pt/en/imovel/33791667/,"T2 flat in travessa do Zagalo, 19, São Vicente de Fora, São Vicente","220,000€",220000,"travessa do Zagalo, 19, São Vicente de Fora, São Vicente",242,T2,,No,T242 m²without lift,2025-03-16 10:29:06
33059426,https://www.idealista.pt/en/imovel/33059426/,"T2 flat in estrada dos Prazeres, Prazeres - Maria Pia, Campo de Ourique","275,000€",275000,"estrada dos Prazeres, Prazeres - Maria Pia, Campo de Ourique",277,T2,Ground floor,No,T277 m²Ground floor without lift,2025-03-16 10:29:06
33831271,https://www.idealista.pt/en/imovel/33831271/,"T2 flat in beco Birbantes, 25, Pena, Arroios","275,000€285,000 €4%",275000,"beco Birbantes, 25, Pena, Arroios",274,T2,,No,T274 m²without lift,2025-03-16 10:29:06
33750659,https://www.idealista.pt/en/imovel/33750659/,"T2 flat in travessa do Oleiro, Santa Catarina, Misericórdia","288,000€",288000,"travessa do Oleiro, Santa Catarina, Misericórdia",257,T2,2,No,T257 m²2nd floor without lift,2025-03-16 10:29:06
32834508,https://www.idealista.pt/en/imovel/32834508/,"T1 flat in largo Santo Antoninho , Bica, Misericórdia","225,000€",225000,"largo Santo Antoninho , Bica, Misericórdia",160,T1,Basement,No,T160 m²Basement without lift,2025-03-16 10:29:06
33444004,https://www.idealista.pt/en/imovel/33444004/,"T1 flat in travessa dos Pescadores, Cais do Sodré - Santos, Misericórdia","189,000€",189000,"travessa dos Pescadores, Cais do Sodré - Santos, Misericórdia",152,T1,5,No,T152 m²5th floor without lift,2025-03-16 10:29:06
33220551,https://www.idealista.pt/en/imovel/33220551/,"T2 flat in rua Guarda Jóias,, Boa Hora, Ajuda","205,000€",205000,"rua Guarda Jóias,, Boa Hora, Ajuda",268,T2,1,Yes,T268 m²1st floor with lift,2025-03-16 10:29:06
33572164,https://www.idealista.pt/en/imovel/33572164/,"T1 flat in rua Cidade da Horta, 8, Estefânia, São Jorge de Arroios, Arroios","175,000€",175000,"rua Cidade da Horta, 8, Estefânia, São Jorge de Arroios, Arroios",147,T1,,,T147 m²,2025-03-16 10:29:06
33034841,https://www.idealista.pt/en/imovel/33034841/,"T2 flat in estrada dos Prazeres, Prazeres - Maria Pia, Campo de Ourique","275,000€",275000,"estrada dos Prazeres, Prazeres - Maria Pia, Campo de Ourique",277,T2,Ground floor,No,T277 m²Ground floor without lift,2025-03-16 10:29:06
33773682,https://www.idealista.pt/en/imovel/33773682/,"T1 flat in rua Santos Pinto, Lapa, Estrela","290,000€",290000,"rua Santos Pinto, Lapa, Estrela",150,T1,Ground floor,Yes,T150 m²Ground floor with lift,2025-03-16 10:29:06
33850250,https://www.idealista.pt/en/imovel/33850250/,"T1 flat in Santos-o-Velho - Madragoa, Estrela","270,000€",270000,"Santos-o-Velho - Madragoa, Estrela",150,T1,2,No,T150 m²2nd floor without lift,2025-03-16 10:29:06
33967223,https://www.idealista.pt/en/imovel/33967223/,"T1 flat in rua do Vale de Santo António, São Vicente de Fora, São Vicente","299,900€",299900,"rua do Vale de Santo António, São Vicente de Fora, São Vicente",140,T1,Ground floor,No,T140 m²Ground floor without lift,2025-03-16 10:29:06
33886530,https://www.idealista.pt/en/imovel/33886530/,"T2 flat in travessa do Oleiro, Santa Catarina, Misericórdia","288,000€",288000,"travessa do Oleiro, Santa Catarina, Misericórdia",257,T2,2,No,T257 m²2nd floor without lift,2025-03-16 10:29:26
32813012,https://www.idealista.pt/en/imovel/32813012/,"T1 flat in Alfama, Santa Maria Maior","219,500€",219500,"Alfama, Santa Maria Maior",142,T1,2,No,T142 m²2nd floor without lift,2025-03-16 10:29:26
32568986,https://www.idealista.pt/en/imovel/32568986/,"T2 flat in Alfama, Santa Maria Maior","300,000€",300000,"Alfama, Santa Maria Maior",256,T2,1,No,T256 m²1st floor without lift,2025-03-16 10:29:26
33015058,https://www.idealista.pt/en/imovel/33015058/,"T2 flat in rua de São Pedro Mártir, Mouraria - Castelo, Santa Maria Maior","285,000€",285000,"rua de São Pedro Mártir, Mouraria - Castelo, Santa Maria Maior",255,T2,2,No,T255 m²2nd floor without lift,2025-03-16 10:29:26
33596805,https://www.idealista.pt/en/imovel/33596805/,"T2 flat in Bica, Misericórdia","295,000€",295000,"Bica, Misericórdia",260,T2,,No,T260 m²without lift,2025-03-16 10:29:26
33932700,https://www.idealista.pt/en/imovel/33932700/,"T2 flat in Estrada de Benfica, São Domingos de Benfica","285,000€",285000,"Estrada de Benfica, São Domingos de Benfica",247,T2,Ground floor,No,T247 m²Ground floor without lift,2025-03-16 10:29:26
33077474,https://www.idealista.pt/en/imovel/33077474/,"T1 flat in Lapa, Estrela","299,000€",299000,"Lapa, Estrela",150,T1,,No,T150 m²without lift,2025-03-16 10:29:26
32401970,https://www.idealista.pt/en/imovel/32401970/,"T2 flat in Graça, São Vicente","250,000€",250000,"Graça, São Vicente",261,T2,,No,T261 m²without lift,2025-03-16 10:29:26
33927261,https://www.idealista.pt/en/imovel/33927261/,"T2 flat in travessa Alcaide, 16, Santa Catarina, Misericórdia","269,000€",269000,"travessa Alcaide, 16, Santa Catarina, Misericórdia",275,T2,Ground floor,No,T275 m²Ground floor without lift,2025-03-16 10:29:26
33737730,https://www.idealista.pt/en/imovel/33737730/,"T2 flat in Alto de Santo Amaro, Alcântara","295,000€",295000,"Alto de Santo Amaro, Alcântara",274,T2,,No,T274 m²without lift,2025-03-16 10:29:26
33952410,https://www.idealista.pt/en/imovel/33952410/,"T1 flat in Prazeres, Estrela","235,000€",235000,"Prazeres, Estrela",159,T1,,No,T159 m²without lift,2025-03-16 10:29:26
33895242,https://www.idealista.pt/en/imovel/33895242/,"T1 flat in Centro, Belém","280,000€290,000 €3%",280000,"Centro, Belém",140,T1,Ground floor,No,T140 m²Ground floor without lift,2025-03-16 10:29:26
33113830,https://www.idealista.pt/en/imovel/33113830/,"T2 flat in rua Penha de França, Centro, Penha de França","285,000€",285000,"rua Penha de França, Centro, Penha de França",282,T2,Ground floor,No,T282 m²Ground floor without lift,2025-03-16 10:29:26
33882150,https://www.idealista.pt/en/imovel/33882150/,"T1 flat in rua de São Bento, Príncipe Real - São Bento, Misericórdia","250,000€290,000 €14%",250000,"rua de São Bento, Príncipe Real - São Bento, Misericórdia",146,T1,2,No,T146 m²2nd floor without lift,2025-03-16 10:29:26
33367986,https://www.idealista.pt/en/imovel/33367986/,"T1 flat in rua Saraiva de Carvalho, 215, Centro, Campo de Ourique","295,000€",295000,"rua Saraiva de Carvalho, 215, Centro, Campo de Ourique",155,T1,,Yes,T155 m²Floor -2 with lift,2025-03-16 10:29:26
33958249,https://www.idealista.pt/en/imovel/33958249/,"T2 flat in rua Heliodoro Salgado, Nn, Anjos, Arroios","259,000€272,500 €5%",259000,"rua Heliodoro Salgado, Nn, Anjos, Arroios",270,T2,Basement,No,T270 m²Basement without lift,2025-03-16 10:29:26
33425899,https://www.idealista.pt/en/imovel/33425899/,"T2 flat in Pena, Arroios","253,000€",253000,"Pena, Arroios",280,T2,,,T280 m²,2025-03-16 10:29:26
33861608,https://www.idealista.pt/en/imovel/33861608/,"T2 flat in travessa João Alves, Rio Seco - Casalinho, Ajuda","290,000€",290000,"travessa João Alves, Rio Seco - Casalinho, Ajuda",259,T2,Ground floor,No,T259 m²Ground floor without lift,2025-03-16 10:29:26
33347728,https://www.idealista.pt/en/imovel/33347728/,"T1 flat in Anjos, Arroios","299,000€",299000,"Anjos, Arroios",162,T1,,,T162 m²,2025-03-16 10:29:26
33873162,https://www.idealista.pt/en/imovel/33873162/,"T1 flat in Beato, Lisboa","220,000€",220000,"Beato, Lisboa",147,T1,,,T147 m²,2025-03-16 10:29:26
32973030,https://www.idealista.pt/en/imovel/32973030/,"T2 flat in rua Engenheiro Paulo Barros, Bairro de Santa Cruz, Benfica","210,000€",210000,"rua Engenheiro Paulo Barros, Bairro de Santa Cruz, Benfica",253,T2,Ground floor,Yes,T253 m²Ground floor with lift,2025-03-16 10:29:26
33938321,https://www.idealista.pt/en/imovel/33938321/,"T1 flat in largo dos Trigueiros, Mouraria - Castelo, Santa Maria Maior","245,000€",245000,"largo dos Trigueiros, Mouraria - Castelo, Santa Maria Maior",160,T1,1,No,T160 m²1st floor without lift,2025-03-16 10:29:26
30450592,https://www.idealista.pt/en/imovel/30450592/,"T2 flat in rua Paz à Ajuda, Calçada da Ajuda - Belém, Ajuda","244,000€",244000,"rua Paz à Ajuda, Calçada da Ajuda - Belém, Ajuda",276,T2,2,No,T276 m²2nd floor without lift,2025-03-16 10:29:26
33746760,https://www.idealista.pt/en/imovel/33746760/,"T2 flat in beco da Verónica, 3, São Vicente de Fora, São Vicente","229,000€",229000,"beco da Verónica, 3, São Vicente de Fora, São Vicente",245,T2,,No,T245 m²without lift,2025-03-16 10:29:46
33886997,https://www.idealista.pt/en/imovel/33886997/,"T2 flat in Santa Catarina, Misericórdia","288,000€",288000,"Santa Catarina, Misericórdia",257,T2,2,No,T257 m²2nd floor without lift,2025-03-16 10:29:46
33789599,https://www.idealista.pt/en/imovel/33789599/,"T2 flat in Baixa, Santa Maria Maior","299,000€",299000,"Baixa, Santa Maria Maior",272,T2,4,No,T272 m²4th floor without lift,2025-03-16 10:29:46
33059145,https://www.idealista.pt/en/imovel/33059145/,"T2 flat in Prazeres - Maria Pia, Campo de Ourique","275,000€",275000,"Prazeres - Maria Pia, Campo de Ourique",272,T2,Ground floor,No,T272 m²Ground floor without lift,2025-03-16 10:29:46
33359450,https://www.idealista.pt/en/imovel/33359450/,"T2 flat in Marvila, Lisboa","280,000€Parking included",280000,"Marvila, Lisboa",286,T2,,Yes,T286 m²with lift,2025-03-16 10:29:46
33520741,https://www.idealista.pt/en/imovel/33520741/,"T1 flat in rua do Vale de Santo António, Santa Engrácia, São Vicente","299,900€",299900,"rua do Vale de Santo António, Santa Engrácia, São Vicente",160,T1,Ground floor,No,T160 m²Ground floor without lift,2025-03-16 10:29:46
33922974,https://www.idealista.pt/en/imovel/33922974/,"T2 flat in estrada de Chelas, Beato, Lisboa","159,000€",159000,"estrada de Chelas, Beato, Lisboa",260,T2,Ground floor,No,T260 m²Ground floor without lift,2025-03-16 10:29:46
32591572,https://www.idealista.pt/en/imovel/32591572/,"T1 flat in Avenida do Uruguai, Benfica","265,000€",265000,"Avenida do Uruguai, Benfica",142,T1,,Yes,T142 m²with lift,2025-03-16 10:29:46
33914485,https://www.idealista.pt/en/imovel/33914485/,"T2 flat in rua David Lopes, Alto de São João - Alto do Varejão, Penha de França","288,000€",288000,"rua David Lopes, Alto de São João - Alto do Varejão, Penha de França",265,T2,1,No,T265 m²1st floor without lift,2025-03-16 10:29:46
33925481,https://www.idealista.pt/en/imovel/33925481/,"T1 flat in Alvito - Quinta do Jacinto, Alcântara","230,000€",230000,"Alvito - Quinta do Jacinto, Alcântara",142,T1,,No,T142 m²without lift,2025-03-16 10:29:46
33340092,https://www.idealista.pt/en/imovel/33340092/,"T2 flat in rua do Mato Grosso, 16, Santa Engrácia, São Vicente","265,000€",265000,"rua do Mato Grosso, 16, Santa Engrácia, São Vicente",259,T2,,No,T259 m²without lift,2025-03-16 10:29:46
33758009,https://www.idealista.pt/en/imovel/33758009/,"T2 flat in rua Hugo Casaes, Nn, Santa Clara, Lisboa","200,000€",200000,"rua Hugo Casaes, Nn, Santa Clara, Lisboa",275,T2,2,No,T275 m²2nd floor without lift,2025-03-16 10:29:46
33244861,https://www.idealista.pt/en/imovel/33244861/,"T1 flat in rua do Passadiço, 96, Campo de Santana - Santa Marta, Santo António","255,000€",255000,"rua do Passadiço, 96, Campo de Santana - Santa Marta, Santo António",150,T1,3,No,T150 m²3rd floor without lift,2025-03-16 10:29:46
33507444,https://www.idealista.pt/en/imovel/33507444/,"T1 flat in rua General Taborda, Centro, Campolide","210,000€",210000,"rua General Taborda, Centro, Campolide",158,T1,2,No,T158 m²2nd floor without lift,2025-03-16 10:29:46
33120703,https://www.idealista.pt/en/imovel/33120703/,"T2 flat in rua da Madalena, 90, Baixa, Santa Maria Maior","290,000€",290000,"rua da Madalena, 90, Baixa, Santa Maria Maior",267,T2,,No,T267 m²without lift,2025-03-16 10:29:46
33618417,https://www.idealista.pt/en/imovel/33618417/,"T2 flat in Arneiros, Benfica","295,000€",295000,"Arneiros, Benfica",275,T2,Ground floor,Yes,T275 m²Ground floor with lift,2025-03-16 10:29:46
29027816,https://www.idealista.pt/en/imovel/29027816/,"T2 flat in Anjos, Arroios","290,000€",290000,"Anjos, Arroios",270,T2,4,No,T270 m²4th floor without lift,2025-03-16 10:29:46
33653372,https://www.idealista.pt/en/imovel/33653372/,"T1 flat in travessa Giestal, Nn, Alto de Alcântara, Alcântara","245,000€",245000,"travessa Giestal, Nn, Alto de Alcântara, Alcântara",140,T1,Ground floor,No,T140 m²Ground floor without lift,2025-03-16 10:29:46
33249300,https://www.idealista.pt/en/imovel/33249300/,"T2 flat in rua Borges Grainha, 38, Centro, Penha de França","260,000€",260000,"rua Borges Grainha, 38, Centro, Penha de França",255,T2,,No,T255 m²without lift,2025-03-16 10:29:46
33146222,https://www.idealista.pt/en/imovel/33146222/,"T1 flat in rua Maria Pia, 164, Prazeres - Maria Pia, Campo de Ourique","190,000€",190000,"rua Maria Pia, 164, Prazeres - Maria Pia, Campo de Ourique",155,T1,,No,T155 m²without lift,2025-03-16 10:29:46
33574964,https://www.idealista.pt/en/imovel/33574964/,"T1 flat in rua do Vale de Santo António, 23, São Vicente de Fora, São Vicente","299,900€",299900,"rua do Vale de Santo António, 23, São Vicente de Fora, São Vicente",150,T1,Ground floor,No,T150 m²Ground floor without lift,2025-03-16 10:29:46
33502393,https://www.idealista.pt/en/imovel/33502393/,"T2 flat in rua Acúrsio Pereira, Nn, Olivais, Lisboa","220,000€",220000,"rua Acúrsio Pereira, Nn, Olivais, Lisboa",271,T2,,No,T271 m²without lift,2025-03-16 10:29:46
33879293,https://www.idealista.pt/en/imovel/33879293/,"T2 flat in Centro, Penha de França","295,000€",295000,"Centro, Penha de França",2105,T2,,,T2105 m²,2025-03-16 10:30:10
33415554,https://www.idealista.pt/en/imovel/33415554/,"T1 flat in Prazeres - Maria Pia, Campo de Ourique","249,000€",249000,"Prazeres - Maria Pia, Campo de Ourique",160,T1,1,,T160 m²1st floor,2025-03-16 10:30:10
33840325,https://www.idealista.pt/en/imovel/33840325/,"Duplex in avenida General Roçadas, Centro, Penha de França","267,500€Parking included",267500,"avenida General Roçadas, Centro, Penha de França",274,T2,1,No,T274 m²1st floor without lift,2025-03-16 10:30:10
33804904,https://www.idealista.pt/en/imovel/33804904/,"T2 flat in rua dos Remédios, Alfama, Santa Maria Maior","295,000€",295000,"rua dos Remédios, Alfama, Santa Maria Maior",289,T2,2,No,T289 m²2nd floor without lift,2025-03-16 10:30:10
33739267,https://www.idealista.pt/en/imovel/33739267/,"T1 flat in rua da Arrábida, Nn, Santa Isabel, Campo de Ourique","179,000€",179000,"rua da Arrábida, Nn, Santa Isabel, Campo de Ourique",140,T1,,,T140 m²,2025-03-16 10:30:10
33940409,https://www.idealista.pt/en/imovel/33940409/,"T1 flat, campo Amoreiras, Santa Clara, Lisboa","170,000€",170000,,145,T1,1,No,T145 m²1st floor without lift,2025-03-16 10:30:11
33746770,https://www.idealista.pt/en/imovel/33746770/,"T1 flat in rua da Atalaia, 110, Bairro Alto, Misericórdia","197,000€",197000,"rua da Atalaia, 110, Bairro Alto, Misericórdia",143,T1,,No,T143 m²without lift,2025-03-16 10:30:11
33891400,https://www.idealista.pt/en/imovel/33891400/,"T2 flat in travessa do Oleiro, Santa Catarina, Misericórdia","288,000€",288000,"travessa do Oleiro, Santa Catarina, Misericórdia",241,T2,2,No,T241 m²2nd floor without lift,2025-03-16 10:30:11
33360895,https://www.idealista.pt/en/imovel/33360895/,"T1 flat in rua dos Remédios, Alfama, Santa Maria Maior","189,900€",189900,"rua dos Remédios, Alfama, Santa Maria Maior",153,T1,2,No,T153 m²2nd floor without lift,2025-03-16 10:30:11
33905805,https://www.idealista.pt/en/imovel/33905805/,"T1 flat in Lapa, Estrela","249,500€",249500,"Lapa, Estrela",140,T1,1,No,T140 m²1st floor without lift,2025-03-16 10:30:11
33836023,https://www.idealista.pt/en/imovel/33836023/,"T1 flat in rua das Farinhas, Mouraria - Castelo, Santa Maria Maior","255,000€",255000,"rua das Farinhas, Mouraria - Castelo, Santa Maria Maior",156,T1,3,No,T156 m²3rd floor without lift,2025-03-16 10:30:11
33473969,https://www.idealista.pt/en/imovel/33473969/,"Duplex in travessa Crossing Verbena, Calçada da Ajuda - Belém, Ajuda","295,000€",295000,"travessa Crossing Verbena, Calçada da Ajuda - Belém, Ajuda",2100,T2,1,No,T2100 m²1st floor without lift,2025-03-16 10:30:11
33973726,https://www.idealista.pt/en/imovel/33973726/,"T1 flat in São Vicente de Fora, São Vicente","299,900€",299900,"São Vicente de Fora, São Vicente",163,T1,Ground floor,No,T163 m²Ground floor without lift,2025-03-16 10:30:11
33940533,https://www.idealista.pt/en/imovel/33940533/,"T1 flat in beco do Maquinez, Alfama, Santa Maria Maior","210,000€",210000,"beco do Maquinez, Alfama, Santa Maria Maior",154,T1,Ground floor,No,T154 m²Ground floor without lift,2025-03-16 10:30:11
31301952,https://www.idealista.pt/en/imovel/31301952/,"T2 flat in Alfama, Santa Maria Maior","290,000€",290000,"Alfama, Santa Maria Maior",279,T2,2,No,T279 m²2nd floor without lift,2025-03-16 10:30:11
33547441,https://www.idealista.pt/en/imovel/33547441/,"T2 flat in Pena, Arroios","285,000€",285000,"Pena, Arroios",271,T2,Ground floor,No,T271 m²Ground floor without lift,2025-03-16 10:30:11
32973902,https://www.idealista.pt/en/imovel/32973902/,"T2 flat in São Vicente de Fora, São Vicente","280,000€",280000,"São Vicente de Fora, São Vicente",270,T2,4,No,T270 m²4th floor without lift,2025-03-16 10:30:35
31730465,https://www.idealista.pt/en/imovel/31730465/,"T1 flat in largo Ascensor da Bica, Bica, Misericórdia","289,000€",289000,"largo Ascensor da Bica, Bica, Misericórdia",168,T1,Ground floor,No,T168 m²Ground floor without lift,2025-03-16 10:30:35
33765250,https://www.idealista.pt/en/imovel/33765250/,"T2 flat in rua da Penha de França, 258, Centro, Penha de França","290,000€",290000,"rua da Penha de França, 258, Centro, Penha de França",272,T2,,No,T272 m²without lift,2025-03-16 10:30:35
33783909,https://www.idealista.pt/en/imovel/33783909/,"T1 flat in rua Frederico Perry Vidal, 6, Beato, Lisboa","220,000€",220000,"rua Frederico Perry Vidal, 6, Beato, Lisboa",146,T1,3,No,T146 m²3rd floor without lift,2025-03-16 10:30:35
33545220,https://www.idealista.pt/en/imovel/33545220/,"T2 flat in travessa Moinho Velho, 5, Boa Hora, Ajuda","280,000€",280000,"travessa Moinho Velho, 5, Boa Hora, Ajuda",254,T2,1,No,T254 m²1st floor without lift,2025-03-16 10:30:35
33970104,https://www.idealista.pt/en/imovel/33970104/,"T2 flat in travessa das Mónicas, Graça, São Vicente","280,000€",280000,"travessa das Mónicas, Graça, São Vicente",280,T2,1,No,T280 m²1st floor without lift,2025-03-16 10:30:35
33602234,https://www.idealista.pt/en/imovel/33602234/,"T2 flat in Centro, Penha de França","249,000€259,000 €4%",249000,"Centro, Penha de França",270,T2,1,No,T270 m²1st floor without lift,2025-03-16 10:30:35
30257667,https://www.idealista.pt/en/imovel/30257667/,"T2 flat in Pena, Arroios","280,000€",280000,"Pena, Arroios",2117,T2,Ground floor,No,T2117 m²Ground floor without lift,2025-03-16 10:30:35
33479958,https://www.idealista.pt/en/imovel/33479958/,"T2 flat in Mouraria - Castelo, Santa Maria Maior","247,000€",247000,"Mouraria - Castelo, Santa Maria Maior",260,T2,1,No,T260 m²1st floor without lift,2025-03-16 10:30:35
33936382,https://www.idealista.pt/en/imovel/33936382/,"T2 flat in rua Abel Botelho, 5, Estrada de Benfica, São Domingos de Benfica","245,000€",245000,"rua Abel Botelho, 5, Estrada de Benfica, São Domingos de Benfica",258,T2,Ground floor,No,T258 m²Ground floor without lift,2025-03-16 10:30:35
33674465,https://www.idealista.pt/en/imovel/33674465/,"T1 flat, Calçada de Santo André, 85, Mouraria - Castelo, Santa Maria Maior","175,000€",175000,,158,T1,,No,T158 m²without lift,2025-03-16 10:30:35
33797896,https://www.idealista.pt/en/imovel/33797896/,"T1 flat in Graça, São Vicente","250,000€260,000 €4%",250000,"Graça, São Vicente",152,T1,,No,T152 m²without lift,2025-03-16 10:30:35
33418991,https://www.idealista.pt/en/imovel/33418991/,"T2 flat in Beato, Lisboa","289,000€",289000,"Beato, Lisboa",275,T2,,No,T275 m²without lift,2025-03-16 10:30:35
33097996,https://www.idealista.pt/en/imovel/33097996/,"T1 flat in São Vicente de Fora, São Vicente","270,000€",270000,"São Vicente de Fora, São Vicente",140,T1,,No,T140 m²without lift,2025-03-16 10:30:35
33956092,https://www.idealista.pt/en/imovel/33956092/,"T1 flat in rua do Sol a Santa Catarina, Nn, Santa Catarina, Misericórdia","197,500€",197500,"rua do Sol a Santa Catarina, Nn, Santa Catarina, Misericórdia",144,T1,,,T144 m²,2025-03-16 10:30:35
33871908,https://www.idealista.pt/en/imovel/33871908/,"T1 flat in Alto dos Moinhos, São Domingos de Benfica","220,000€",220000,"Alto dos Moinhos, São Domingos de Benfica",163,T1,,No,T163 m²without lift,2025-03-16 10:30:35
33370179,https://www.idealista.pt/en/imovel/33370179/,"T1 flat in rua Martins Sarmento, 64, Centro, Penha de França","259,800€",259800,"rua Martins Sarmento, 64, Centro, Penha de França",146,T1,1,No,T146 m²1st floor without lift,2025-03-16 10:30:35
33918510,https://www.idealista.pt/en/imovel/33918510/,"T1 flat in rua dos Mouros, Bairro Alto, Misericórdia","295,000€",295000,"rua dos Mouros, Bairro Alto, Misericórdia",161,T1,Ground floor,No,T161 m²Ground floor without lift,2025-03-16 10:30:35
33852582,https://www.idealista.pt/en/imovel/33852582/,"T1 flat in Graça, São Vicente","177,000€",177000,"Graça, São Vicente",150,T1,,No,T150 m²without lift,2025-03-16 10:30:35
33677556,https://www.idealista.pt/en/imovel/33677556/,"T2 flat in rua do Chão da Feira, 15, Alfama, Santa Maria Maior","295,000€",295000,"rua do Chão da Feira, 15, Alfama, Santa Maria Maior",284,T2,3,No,T284 m²3rd floor without lift,2025-03-16 10:31:03
33947763,https://www.idealista.pt/en/imovel/33947763/,"T1 flat in travessa das Fiandeiras, 3, Rio Seco - Casalinho, Ajuda","200,000€",200000,"travessa das Fiandeiras, 3, Rio Seco - Casalinho, Ajuda",153,T1,,No,T153 m²without lift,2025-03-16 10:31:03
33677566,https://www.idealista.pt/en/imovel/33677566/,"T1 flat in travessa Amoreira, Nn, Lapa, Estrela","284,000€",284000,"travessa Amoreira, Nn, Lapa, Estrela",176,T1,,,T176 m²,2025-03-16 10:31:03
33873276,https://www.idealista.pt/en/imovel/33873276/,"T1 flat, do Almada, 26, Bica, Misericórdia","295,000€",295000,,143,T1,3,No,T143 m²3rd floor without lift,2025-03-16 10:31:03
32950184,https://www.idealista.pt/en/imovel/32950184/,"T1 flat, Calçadinha de São Miguel, 6, Alfama, Santa Maria Maior","179,000€",179000,,140,T1,,No,T140 m²without lift,2025-03-16 10:31:03
33845091,https://www.idealista.pt/en/imovel/33845091/,"T1 flat in Lapa, Estrela","280,000€",280000,"Lapa, Estrela",143,T1,,,T143 m²,2025-03-16 10:31:03
33571421,https://www.idealista.pt/en/imovel/33571421/,"T1 flat in São Vicente de Fora, São Vicente","299,900€",299900,"São Vicente de Fora, São Vicente",163,T1,Ground floor,No,T163 m²Ground floor without lift,2025-03-16 10:31:03
33886877,https://www.idealista.pt/en/imovel/33886877/,"T1 flat in rua Castelo Branco Saraiva, 68, Centro, Penha de França","135,000€",135000,"rua Castelo Branco Saraiva, 68, Centro, Penha de França",145,T1,Ground floor,No,T145 m²Ground floor without lift,2025-03-16 10:31:03
33969701,https://www.idealista.pt/en/imovel/33969701/,"T2 flat in Santa Engrácia, São Vicente","290,000€",290000,"Santa Engrácia, São Vicente",256,T2,5,Yes,T256 m²5th floor with lift,2025-03-16 10:31:03
33671705,https://www.idealista.pt/en/imovel/33671705/,"House in rua Washington, 27, Santa Engrácia, São Vicente","299,900€",299900,"rua Washington, 27, Santa Engrácia, São Vicente",163,T1,,,T163 m²,2025-03-16 10:31:03
33613343,https://www.idealista.pt/en/imovel/33613343/,"T1 flat in rua António Luís Inácio, 61, Bairro dos Actores - Barão Sabrosa, Penha de França","197,000€",197000,"rua António Luís Inácio, 61, Bairro dos Actores - Barão Sabrosa, Penha de França",149,T1,2,No,T149 m²2nd floor without lift,2025-03-16 10:31:03
33975817,https://www.idealista.pt/en/imovel/33975817/,"T1 flat in São Vicente de Fora, São Vicente","299,900€",299900,"São Vicente de Fora, São Vicente",163,T1,,No,T163 m²without lift,2025-03-16 10:31:03
33304593,https://www.idealista.pt/en/imovel/33304593/,"T1 flat in Santos-o-Velho - Madragoa, Estrela","300,000€",300000,"Santos-o-Velho - Madragoa, Estrela",150,T1,,No,T150 m²without lift,2025-03-16 10:31:03
33951033,https://www.idealista.pt/en/imovel/33951033/,"T1 flat in Santa Engrácia, São Vicente","299,900€",299900,"Santa Engrácia, São Vicente",163,T1,Ground floor,No,T163 m²Ground floor without lift,2025-03-16 10:31:03
33145538,https://www.idealista.pt/en/imovel/33145538/,"T2 flat in Prazeres - Maria Pia, Campo de Ourique","275,000€",275000,"Prazeres - Maria Pia, Campo de Ourique",274,T2,Ground floor,No,T274 m²Ground floor without lift,2025-03-16 10:31:03
32620524,https://www.idealista.pt/en/imovel/32620524/,"T1 flat in rua Frei Fortunato São Boaventura, Beato, Lisboa","190,000€",190000,"rua Frei Fortunato São Boaventura, Beato, Lisboa",161,T1,Ground floor,No,T161 m²Ground floor without lift,2025-03-16 10:31:03
33898635,https://www.idealista.pt/en/imovel/33898635/,"T2 flat in Marvila, Lisboa","260,000€",260000,"Marvila, Lisboa",265,T2,,Yes,T265 m²with lift,2025-03-16 10:31:03
33084983,https://www.idealista.pt/en/imovel/33084983/,"T1 flat in Cais do Sodré - Santos, Misericórdia","170,000€",170000,"Cais do Sodré - Santos, Misericórdia",140,T1,,No,T140 m²without lift,2025-03-16 10:31:03
32490930,https://www.idealista.pt/en/imovel/32490930/,"T1 flat in rua Frei Fortunato de São Boaventura, Beato, Lisboa","190,000€",190000,"rua Frei Fortunato de São Boaventura, Beato, Lisboa",161,T1,Ground floor,No,T161 m²Ground floor without lift,2025-03-16 10:31:03
33948960,https://www.idealista.pt/en/imovel/33948960/,"T1 flat in Alto da Ajuda, Ajuda","209,653€",209653,"Alto da Ajuda, Ajuda",164,T1,,,T164 m²,2025-03-16 10:31:35
33906311,https://www.idealista.pt/en/imovel/33906311/,"T1 flat in Alto da Ajuda, Ajuda","196,073€",196073,"Alto da Ajuda, Ajuda",160,T1,,,T160 m²,2025-03-16 10:31:35
33908094,https://www.idealista.pt/en/imovel/33908094/,"T2 flat in travessa Paulo Martins, Calçada da Ajuda - Belém, Ajuda","244,000€",244000,"travessa Paulo Martins, Calçada da Ajuda - Belém, Ajuda",277,T2,2,No,T277 m²2nd floor without lift,2025-03-16 10:31:35
33867284,https://www.idealista.pt/en/imovel/33867284/,"House in beco Viçoso, Nn, Boa Hora, Ajuda","298,000€Parking included",298000,"beco Viçoso, Nn, Boa Hora, Ajuda",268,T2,,,T268 m²,2025-03-16 10:31:35
33668458,https://www.idealista.pt/en/imovel/33668458/,"T2 flat in rua da Quinta do Jacinto, Nn, Alvito - Quinta do Jacinto, Alcântara","238,000€",238000,"rua da Quinta do Jacinto, Nn, Alvito - Quinta do Jacinto, Alcântara",244,T2,,,T244 m²,2025-03-16 10:31:35
33705568,https://www.idealista.pt/en/imovel/33705568/,"T1 flat in travessa das Amoreiras a Arroios, Alameda - Praça do Chile - Almirante Reis, São Jorge de Arroios, Arroios","239,500€",239500,"travessa das Amoreiras a Arroios, Alameda - Praça do Chile - Almirante Reis, São Jorge de Arroios, Arroios",157,T1,4,,T157 m²4th floor,2025-03-16 10:31:35
33880614,https://www.idealista.pt/en/imovel/33880614/,"T1 flat in Lapa, Estrela","299,999€",299999,"Lapa, Estrela",150,T1,,No,T150 m²without lift,2025-03-16 10:31:35
33741333,https://www.idealista.pt/en/imovel/33741333/,"T1 flat in rua do Sol à Graça, Graça, São Vicente","240,000€",240000,"rua do Sol à Graça, Graça, São Vicente",143,T1,1,No,T143 m²1st floor without lift,2025-03-16 10:31:35
33845035,https://www.idealista.pt/en/imovel/33845035/,"T2 flat, Calçada Necessidades, Lapa, Estrela","285,000€",285000,,2107,T2,Basement,Yes,T2107 m²Basement with lift,2025-03-16 10:31:35
33502174,https://www.idealista.pt/en/imovel/33502174/,"T1 flat in travessa das Amoreiras a Arroios, Alameda - Praça do Chile - Almirante Reis, São Jorge de Arroios, Arroios","239,500€",239500,"travessa das Amoreiras a Arroios, Alameda - Praça do Chile - Almirante Reis, São Jorge de Arroios, Arroios",156,T1,4,No,T156 m²4th floor without lift,2025-03-16 10:31:35
33972841,https://www.idealista.pt/en/imovel/33972841/,"T1 flat, Calçada do Conde de Penafiel, 16, Alfama, Santa Maria Maior","160,000€",160000,,152,T1,,No,T152 m²without lift,2025-03-16 10:31:35
33752551,https://www.idealista.pt/en/imovel/33752551/,"T2 flat in travessa do Oleiro, Santa Catarina, Misericórdia","288,000€",288000,"travessa do Oleiro, Santa Catarina, Misericórdia",257,T2,2,No,T257 m²2nd floor without lift,2025-03-16 10:31:35
33964267,https://www.idealista.pt/en/imovel/33964267/,"T1 flat in beco da Cardosa, 22, Alfama, Santa Maria Maior","199,000€",199000,"beco da Cardosa, 22, Alfama, Santa Maria Maior",140,T1,,No,T140 m²without lift,2025-03-16 10:32:06
33691556,https://www.idealista.pt/en/imovel/33691556/,"T2 flat in rua Sousa Viterbo, Alto de São João - Alto do Varejão, Penha de França","269,000€",269000,"rua Sousa Viterbo, Alto de São João - Alto do Varejão, Penha de França",270,T2,Ground floor,No,T270 m²Ground floor without lift,2025-03-16 10:32:06
33891422,https://www.idealista.pt/en/imovel/33891422/,"T2 flat in Gare do Oriente - Zona Sul, Parque das Nações","192,000€",192000,"Gare do Oriente - Zona Sul, Parque das Nações",268,T2,,,T268 m²,2025-03-16 10:32:06
33815265,https://www.idealista.pt/en/imovel/33815265/,"T2 flat in rua do Cruzeiro, Rio Seco - Casalinho, Ajuda","290,000€Parking included",290000,"rua do Cruzeiro, Rio Seco - Casalinho, Ajuda",274,T2,Ground floor,No,T274 m²Ground floor without lift,2025-03-16 10:32:06
33957421,https://www.idealista.pt/en/imovel/33957421/,"T1 flat in beco das Cruzes, Alfama, Santa Maria Maior","210,000€",210000,"beco das Cruzes, Alfama, Santa Maria Maior",149,T1,Ground floor,No,T149 m²Ground floor without lift,2025-03-16 10:32:06
33643633,https://www.idealista.pt/en/imovel/33643633/,"T2 flat in Campo de Santana - Santa Marta, Santo António","285,000€295,000 €3%",285000,"Campo de Santana - Santa Marta, Santo António",252,T2,,No,T252 m²without lift,2025-03-16 10:32:06
33909925,https://www.idealista.pt/en/imovel/33909925/,"T2 flat, Calçada do Tojal, Calçada do Tojal, Benfica","280,000€",280000,,272,T2,3,No,T272 m²3rd floor without lift,2025-03-16 10:32:06
33830608,https://www.idealista.pt/en/imovel/33830608/,"T1 flat in Rossio - Martim Moniz, Santa Maria Maior","195,500€219,500 €11%",195500,"Rossio - Martim Moniz, Santa Maria Maior",140,T1,,No,T140 m²without lift,2025-03-16 10:32:06
33764407,https://www.idealista.pt/en/imovel/33764407/,"T1 flat in rua da Arrábida, Santa Isabel, Campo de Ourique","179,000€",179000,"rua da Arrábida, Santa Isabel, Campo de Ourique",140,T1,Ground floor,No,T140 m²Ground floor without lift,2025-03-16 10:32:06
33976726,https://www.idealista.pt/en/imovel/33976726/,"T1 flat in Centro, Ajuda","272,000€",272000,"Centro, Ajuda",151,T1,Ground floor,No,T151 m²Ground floor without lift,2025-03-16 10:32:06
32699634,https://www.idealista.pt/en/imovel/32699634/,"T1 flat in Lapa, Estrela","265,000€",265000,"Lapa, Estrela",143,T1,Basement,No,T143 m²Basement without lift,2025-03-16 10:32:06
33791295,https://www.idealista.pt/en/imovel/33791295/,"T2 flat in rua Sargento Armando Monteiro Ferreira, Olivais, Lisboa","249,000€",249000,"rua Sargento Armando Monteiro Ferreira, Olivais, Lisboa",251,T2,Ground floor,No,T251 m²Ground floor without lift,2025-03-16 10:32:06
33789783,https://www.idealista.pt/en/imovel/33789783/,"T1 flat in rua do Meio à Lapa, Lapa, Estrela","250,000€",250000,"rua do Meio à Lapa, Lapa, Estrela",145,T1,1,No,T145 m²1st floor without lift,2025-03-16 10:32:06
33715551,https://www.idealista.pt/en/imovel/33715551/,"T1 flat in Bica, Misericórdia","250,000€",250000,"Bica, Misericórdia",152,T1,,,T152 m²,2025-03-16 10:32:06
33432730,https://www.idealista.pt/en/imovel/33432730/,"T1 flat in rua do Passadiço, Nn, Campo de Santana - Santa Marta, Santo António","295,000€",295000,"rua do Passadiço, Nn, Campo de Santana - Santa Marta, Santo António",153,T1,Ground floor,No,T153 m²Ground floor without lift,2025-03-16 10:32:06
33168759,https://www.idealista.pt/en/imovel/33168759/,"T1 flat in Graça, São Vicente","170,000€",170000,"Graça, São Vicente",150,T1,,,T150 m²,2025-03-16 10:32:06
33496582,https://www.idealista.pt/en/imovel/33496582/,"T1 flat in Alfama, Santa Maria Maior","209,000€",209000,"Alfama, Santa Maria Maior",154,T1,Ground floor,No,T154 m²Ground floor without lift,2025-03-16 10:32:06
33461228,https://www.idealista.pt/en/imovel/33461228/,"T1 flat in travessa dos Pescadores, Cais do Sodré - Santos, Misericórdia","218,000€",218000,"travessa dos Pescadores, Cais do Sodré - Santos, Misericórdia",142,T1,5,Yes,T142 m²5th floor with lift,2025-03-16 10:32:06
33954176,https://www.idealista.pt/en/imovel/33954176/,"T1 flat in Santa Engrácia, São Vicente","299,900€",299900,"Santa Engrácia, São Vicente",168,T1,,No,T168 m²without lift,2025-03-16 10:32:06
